layer_height,wall_thickness,infill_density,infill_pattern,nozzle_temperature,bed_temperature,print_speed,material,fan_speed,roughness,tension_strenght,elongation
0.02,8.0,90.0,grid,220.0,60.0,40.0,abs,0.0,25.0,18.0,1.2
0.02,7.0,90.0,honeycomb,225.0,65.0,40.0,abs,25.0,32.0,16.0,1.4
0.02,1.0,80.0,grid,230.0,70.0,40.0,abs,50.0,40.0,8.0,0.8
0.02,4.0,70.0,honeycomb,240.0,75.0,40.0,abs,75.0,68.0,10.0,0.5
0.02,6.0,90.0,grid,250.0,80.0,40.0,abs,100.0,92.0,5.0,0.7
0.02,10.0,40.0,honeycomb,200.0,60.0,40.0,pla,0.0,60.0,24.0,1.1
0.02,5.0,10.0,grid,205.0,65.0,40.0,pla,25.0,55.0,12.0,1.3
0.02,10.0,10.0,honeycomb,210.0,70.0,40.0,pla,50.0,21.0,14.0,1.5
0.02,9.0,70.0,grid,215.0,75.0,40.0,pla,75.0,24.0,27.0,1.4
0.02,8.0,40.0,honeycomb,220.0,80.0,40.0,pla,100.0,30.0,25.0,1.7
0.06,6.0,80.0,grid,220.0,60.0,60.0,abs,0.0,75.0,37.0,2.4
0.06,2.0,20.0,honeycomb,225.0,65.0,60.0,abs,25.0,92.0,12.0,1.4
0.06,10.0,50.0,grid,230.0,70.0,60.0,abs,50.0,118.0,16.0,1.3
0.06,6.0,10.0,honeycomb,240.0,75.0,60.0,abs,75.0,200.0,9.0,0.8
0.06,3.0,50.0,grid,250.0,80.0,60.0,abs,100.0,220.0,10.0,1.0
0.06,10.0,90.0,honeycomb,200.0,60.0,60.0,pla,0.0,126.0,27.0,2.2
0.06,3.0,40.0,grid,205.0,65.0,60.0,pla,25.0,145.0,23.0,1.9
0.06,8.0,30.0,honeycomb,210.0,70.0,60.0,pla,50.0,88.0,26.0,1.6
0.06,5.0,80.0,grid,215.0,75.0,60.0,pla,75.0,92.0,33.0,2.1
0.06,10.0,50.0,honeycomb,220.0,80.0,60.0,pla,100.0,74.0,29.0,2.0
0.1,1.0,40.0,grid,220.0,60.0,120.0,abs,0.0,120.0,16.0,1.2
0.1,2.0,30.0,honeycomb,225.0,65.0,120.0,abs,25.0,144.0,12.0,1.1
0.1,1.0,50.0,grid,230.0,70.0,120.0,abs,50.0,265.0,10.0,0.9
0.1,9.0,80.0,honeycomb,240.0,75.0,120.0,abs,75.0,312.0,19.0,0.8
0.1,2.0,60.0,grid,250.0,80.0,120.0,abs,100.0,368.0,8.0,0.4
0.1,1.0,50.0,honeycomb,200.0,60.0,120.0,pla,0.0,180.0,11.0,1.6
0.1,4.0,40.0,grid,205.0,65.0,120.0,pla,25.0,176.0,12.0,1.2
0.1,3.0,50.0,honeycomb,210.0,70.0,120.0,pla,50.0,128.0,18.0,1.8
0.1,4.0,90.0,grid,215.0,75.0,120.0,pla,75.0,138.0,34.0,2.9
0.1,1.0,30.0,honeycomb,220.0,80.0,120.0,pla,100.0,121.0,14.0,1.5
0.15,4.0,50.0,grid,220.0,60.0,60.0,abs,0.0,168.0,27.0,2.4
0.15,7.0,10.0,honeycomb,225.0,65.0,60.0,abs,25.0,154.0,19.0,1.8
0.15,6.0,50.0,grid,230.0,70.0,60.0,abs,50.0,225.0,18.0,1.4
0.15,1.0,50.0,honeycomb,240.0,75.0,60.0,abs,75.0,289.0,9.0,0.6
0.15,7.0,80.0,grid,250.0,80.0,60.0,abs,100.0,326.0,13.0,0.7
0.15,3.0,80.0,honeycomb,200.0,60.0,60.0,pla,0.0,192.0,33.0,2.8
0.15,4.0,50.0,grid,205.0,65.0,60.0,pla,25.0,212.0,24.0,1.8
0.15,10.0,30.0,honeycomb,210.0,70.0,60.0,pla,50.0,168.0,26.0,2.1
0.15,6.0,40.0,grid,215.0,75.0,60.0,pla,75.0,172.0,22.0,2.3
0.15,1.0,10.0,honeycomb,220.0,80.0,60.0,pla,100.0,163.0,4.0,0.7
0.2,4.0,80.0,grid,220.0,60.0,40.0,abs,0.0,212.0,35.0,3.3
0.2,9.0,90.0,honeycomb,225.0,65.0,40.0,abs,25.0,276.0,34.0,3.1
0.2,7.0,30.0,grid,230.0,70.0,40.0,abs,50.0,298.0,28.0,2.2
0.2,6.0,90.0,honeycomb,240.0,75.0,40.0,abs,75.0,360.0,28.0,1.6
0.2,3.0,80.0,grid,250.0,80.0,40.0,abs,100.0,357.0,21.0,1.1
0.2,5.0,60.0,honeycomb,200.0,60.0,40.0,pla,0.0,321.0,28.0,2.7
0.2,4.0,20.0,grid,205.0,65.0,40.0,pla,25.0,265.0,14.0,1.8
0.2,5.0,60.0,honeycomb,210.0,70.0,40.0,pla,50.0,278.0,30.0,3.2
0.2,7.0,40.0,grid,215.0,75.0,40.0,pla,75.0,244.0,29.0,3.2
0.2,3.0,60.0,honeycomb,220.0,80.0,40.0,pla,100.0,220.0,27.0,3.1
0.07010272677401858,5.588865239232818,8.028420786375712,honeycomb,241.09935017210015,75.83566979131243,58.82950377190635,abs,75.46796261726618,194.3049006671802,9.942209588064216,0.45798200721707955
0.013566682458448266,5.2249925435117515,7.128038876492168,grid,206.799074828699,64.3362805024661,35.94988285457304,pla,29.98506517530796,32.928576055490566,10.079360888167903,1.392365534271909
0.009735586958995283,4.031795219380764,71.15688728434526,honeycomb,240.39418491801158,75.64482821954527,38.39086691833624,abs,72.53583019774787,59.67376935503266,9.20334572595495,0.33799619121187074
0.05948255217292517,3.448399071467842,52.70050868658765,grid,252.5667754087398,81.36717331081682,50.85028372164678,abs,96.2577955907828,201.26654331834635,9.716666335530693,1.140883257449593
0.10126872747988279,1.3624465426034724,39.17775106559927,grid,217.59406113948387,61.6001409775385,118.14072819870151,abs,0.0,98.91151840224803,14.409760686846127,1.211712145291489
0.01820785225906224,7.857206673481701,32.36469295152084,honeycomb,221.4396371420241,81.68084307893865,32.21064657014896,pla,93.5067693327912,48.56610551656122,25.677871110488326,1.5787711566340277
0.1520069457400513,1.5977404197193932,15.445209990893005,honeycomb,219.96432639520094,80.26668443344704,62.23176305148688,pla,94.81060502110755,148.99160939459495,4.375674128247332,0.7580924321363587
0.2025718372511149,8.867891318789324,87.7980482682924,honeycomb,222.92647627645434,63.44342081420688,38.58206084395408,abs,31.506486910931518,257.41466155995363,34.19074717166084,2.933721891944861
0.0895231290945214,1.637759856950276,46.49936369276791,grid,230.4957309260456,70.26419877353325,119.38590511961118,abs,39.89777464600344,241.89327828485347,12.17190809271257,0.6473793518606044
0.20756226670911787,6.560966168349857,41.56050344387417,grid,212.26285687881528,74.78841430051145,39.546942829257674,pla,82.2647632855571,264.28702334724835,28.887446528660508,3.2160298578132878
0.12932857632304,10.017447225426418,32.841744869788286,honeycomb,207.6359148619199,69.58137654732333,67.18786677933373,pla,37.568246203272174,206.4964649510067,25.108459436476007,2.0900478978685557
0.05802047909746848,10.392741491332213,94.04803623975869,honeycomb,201.74709977497594,61.25610892563571,66.166688867359,pla,0.0,108.47352954219272,28.54146759958618,2.039524794224603
0.15517188309818855,3.6972672325485316,49.74712767351016,grid,221.41418189830452,57.82564800566096,53.31032304900204,abs,0.0,131.92372537310564,28.250991850200684,2.4172389406486032
0.01915275405475416,0.7413706124608829,80.08145028713908,grid,228.6046622019621,68.5564984411206,40.733503743495326,abs,53.980635022460746,48.75109095436057,7.8582214390824925,0.8836749155872564
0.0900796578319573,2.210102810261663,58.99738098651734,grid,249.84134083524236,80.44729306587348,117.70841020320518,abs,97.01361125382773,371.54350895466223,8.72058520037103,0.36152390574736987
0.21289033032495167,2.3963812851616573,79.86639314710838,grid,250.38664072317624,81.95704401374864,37.94239380806717,abs,94.8578918211182,352.77051407282016,20.616557118968174,0.9877644301486933
0.2071482145266362,7.154495338158576,31.32731296122521,grid,226.67818858783698,69.74476687591344,38.08486097555459,abs,48.05008928114885,289.8841921108369,28.143327425099354,1.9889796055208715
0.20411559094136017,9.1760669371793,95.6940484893062,honeycomb,225.05804235376274,66.44782224553157,42.11425337291719,abs,26.47326915640359,266.2809844781149,34.77354418250699,3.0036326180785693
0.018978348156681223,3.8921002019990163,70.98200397623424,honeycomb,240.66248883867902,73.38806326348114,32.12915994870667,abs,73.96169369021676,57.69531122062861,7.566453176666355,0.5459008888114517
0.15401891278029037,0.9578698036963207,7.4278365343636565,honeycomb,219.20486984346974,79.98766711084994,61.049814100723395,pla,101.07018783581114,145.97943080647724,4.613713752296624,0.9519835161663147
0.13964959873274826,7.5458066847503185,76.61513947734421,grid,252.37315873785917,82.02747962285191,56.15647250709514,abs,100.54614866101313,347.48632284142667,13.335921728951094,0.6234774620539811
0.16246620749242144,5.844005958762518,53.21293904216529,grid,227.03587957237875,68.50341148767899,60.897771256704274,abs,49.03687346061772,211.3993855671137,17.565160157800126,1.3204977170731191
0.1086404025540774,3.9928278707048883,86.7743021081231,grid,210.8140588789299,77.1485700857406,119.3410133620686,pla,81.74326132888521,120.40620397568829,34.997284005559294,2.9517798617138395
0.013388222703277542,4.52885644030023,68.70209066464913,honeycomb,237.3803969769429,73.77374999554722,36.49454236491906,abs,70.63534422364297,61.69288858950911,11.615742624457406,0.4582052016399327
0.2055357308676178,7.334018224304314,35.19290409721775,grid,211.36637587413685,76.48296495323366,47.70802385452898,pla,73.54590165580841,263.1488423044601,29.631966455914057,3.147473981093723
0.01987117045245666,9.749392322432017,13.847542410870131,honeycomb,206.15629924962002,70.09030788880995,32.81621710442808,pla,57.711817713983265,47.894426289166056,13.22401122870561,1.4795812334749558
0.18862938888403216,6.051367737148371,94.86478789099765,honeycomb,240.16528556874664,75.7650392247912,40.30693935040418,abs,72.5932838336176,354.8877765766754,29.217260215264695,1.4237036425475715
0.20126876594195164,3.8299173959747312,19.24364200882096,grid,204.29068451239777,65.52403284116033,43.45056530701696,pla,24.107032323193685,277.3221949529846,12.959236849573806,1.8946663414642257
0.20343224229805837,3.5875762092776213,20.406493450020363,grid,203.25962690333355,65.83423764216872,39.28497445295626,pla,12.824913463397474,254.76242475054968,15.35893506249772,1.9521364797231147
0.1395617982665447,6.0564409603123,54.45562587798465,grid,234.29532064403438,71.11139357804558,60.828849234123105,abs,47.33408660422637,197.32215397377925,17.726912067484363,1.2831286437673834
0.15512081402707892,3.3557976654968082,48.638856606240154,grid,205.24450701289183,65.15802964811881,58.15830924750383,pla,18.238076952469118,225.7254323383717,23.148590804602556,1.7908671811655348
0.1260834424428746,6.2847357006919236,53.286320304998355,grid,228.27293017536905,72.2696273661008,62.763580966634294,abs,49.68240770488986,202.69053912457517,19.804374103845944,1.4910295338784658
0.18964067222197703,5.323665508015977,64.41723388158229,honeycomb,208.93191004926106,70.89472646495963,42.85424767899554,pla,47.557386938028586,273.59706975296615,31.121068792479704,3.1576052966258183
0.19463032310909256,7.1720452364330916,29.550310639841875,grid,235.6860487993893,68.9539588567908,36.25345239023058,abs,55.81990433075396,310.5199354774513,28.529237362705594,2.13558658311288
0.06481915964532745,10.117475839566076,86.90575149006253,honeycomb,200.89207391160812,59.895625720778945,53.37621520883538,pla,0.0,116.01994294103115,27.732087295700804,2.0633073725583437
0.07090199768558697,2.169966948323003,27.151797601969164,honeycomb,225.9484033199148,63.17216621155297,65.51807520196304,abs,24.62304413967449,122.52582191837172,11.586643073828798,1.4299663201292443
0.057776579793926475,5.506138562684644,5.370313299805546,honeycomb,244.0013255426991,77.36528004127786,54.386040463400995,abs,77.560452014915,189.01954197166535,10.122685559383154,0.6182501949255551
0.03462211049817451,10.55597214509341,11.918145850598155,honeycomb,211.81001651504343,70.48707688675952,33.7507562821885,pla,52.9080536025589,49.193720233607394,13.96233699716753,1.40188810004108
0.2094549642318832,2.6073248868094545,59.9446044680583,honeycomb,218.06173091774838,78.56445140929337,42.085199081363726,pla,100.02893834147567,232.95975161885823,28.83904764149639,3.2487603607669824
0.08093601348501292,4.093574600942669,44.49821718074341,grid,208.40016300227646,65.71328529302822,122.5120140635839,pla,32.43587913982534,192.65501756694374,10.183636348013948,1.388541432473123
0.04838088061077073,9.948365833329893,89.41223523387129,honeycomb,198.84415310430188,59.522459969569894,56.11311505189042,pla,0.0,142.8479321291009,24.644837245791052,2.1101709343020185
0.13710284351721347,4.391899162856608,46.506678630514706,grid,216.5057229819951,58.76305095334158,64.02927873742665,abs,3.372435413587667,157.28185317003292,26.62046202337321,2.2464849567618126
0.06804214219136977,6.888773683148155,75.7868200690074,grid,220.3582813519657,59.24247765364453,66.80033823134349,abs,0.7034892280513448,67.43773505748277,37.83154851227091,2.500537623180574
0.023830731952845595,7.4126297420497975,89.91026046677655,grid,220.8487813144182,61.13644611399845,46.1688362386459,abs,0.0,2.829091841523045,14.826964128744205,1.287335261981494
0.029558250380652434,5.519925717268858,93.85720486474621,grid,251.33662478636904,79.28473461572156,38.76012259962533,abs,101.10173593078245,79.10078064347029,5.605710965130459,0.7732735903636353
0.16067343724742833,6.564669879079962,78.49982112255444,grid,246.7996733150617,80.49154413532172,54.63061844362996,abs,98.6956085018862,328.3197556552554,13.719045807800342,0.9252457868905515
0.18623217957881588,3.721132499363448,74.98361366767563,grid,221.485546315443,59.234230742071084,42.00220862215468,abs,9.114950810781695,211.7829505617793,34.870489349771454,3.4046732545034746
0.15030889938946393,6.154053207958952,51.31087824995016,grid,234.0737398137958,70.30012612076331,61.379492777539056,abs,49.798413825717184,220.97325385792598,20.778358697586377,1.294755267324089
0.06258845122394843,4.155685792262638,76.43821864428371,grid,218.73472942872715,74.53569598073858,62.019217568589404,pla,88.62927082731866,102.1351333859418,32.29849275577618,1.9905384162138025
0.022273968002905556,3.638957480001508,74.15486638370875,honeycomb,239.63273562389307,74.90583552440197,45.44845839308662,abs,68.81541681920224,73.57509891977145,11.146157329831524,0.5242043150588788
0.1941399767767196,6.9620210124177655,32.991281990945,grid,226.32744260768155,71.06646102861836,38.91473780830777,abs,56.505999664762115,310.7622291618268,27.945189304990752,2.2832211648984093
0.02220770868555865,7.433048013313015,38.702827791151414,honeycomb,221.30079647506062,80.60641071644575,36.49804767302518,pla,102.39568661754518,16.168627170475503,23.518490881669017,1.8107778522007663
0.16372010144063442,5.840571139289885,53.437529823703244,grid,230.05750507752379,70.33640333312589,57.45471445906039,abs,38.776820296680754,228.09495328913178,17.87280327290419,1.4056110516118203
0.13690028171603574,5.165287947558731,52.53908599409788,grid,216.16750312973352,59.17269606909395,63.27882259103657,abs,4.352301104229315,150.4348475412947,25.622953560712254,2.4463771709729816
0.09709921449192033,0.7649949864386265,51.922273384544866,honeycomb,203.69567652524978,58.740472669171055,115.5325321160789,pla,3.8275693623219462,179.55783590428217,10.725763601198194,1.7782769990127543
0.20050961564437852,2.968133551801505,51.78179240767585,honeycomb,220.99168448359717,79.39162122973993,44.945221180408666,pla,99.73668493570405,226.84432684335374,28.306232317487158,3.2750067477860547
0.21322252398362787,8.98988428657144,84.59139569038999,honeycomb,221.58704813571367,66.3508069509138,34.76304347351714,abs,25.628764044730104,302.5972558420444,33.08018208139729,2.97724921305672
0.15217420493741904,7.20639449221445,77.67892299548502,grid,249.98740869824093,79.07994775239104,63.72146687589359,abs,108.12726745755134,318.8619116437139,13.295903156155356,0.7655661756405683
0.003811009029798456,8.243043644283105,92.71635065893983,grid,222.74689036696293,59.92505101884554,41.68792588898811,abs,0.0,27.234319220053255,18.618450781371564,1.2465421761014088
0.06772246880506905,5.9316776041565875,78.62706493111821,grid,218.3637471774335,60.20022499975782,53.99445263755324,abs,0.0,95.63380576100025,36.134915272805486,2.2902715985408566
0.1964066274792945,4.230414307523904,15.590826779413218,grid,203.84801699571102,66.56937760182531,40.454257708590966,pla,16.466683703473414,254.332394665224,14.712393534823208,1.9761237466407253
0.019506785474291865,6.759329607398343,87.63980980336048,honeycomb,226.6338145011248,64.78391820928806,37.19115050812276,abs,28.968212061120088,19.962044528996934,16.130001231679874,1.3420077488235915
0.15140735168204733,7.133539703718661,77.28163271087205,grid,249.16658383083464,80.68814564479686,62.38370888139768,abs,92.73897788456098,324.69809868192993,12.866880826671986,0.4219984308077456
0.06628201930032585,3.592709359712309,48.93762396776967,grid,251.7830159009862,79.13558902051078,53.714235434761314,abs,100.74460741031884,189.67944847570658,11.160959881974804,1.0889700957011759
0.1623193176354316,4.7102139506762715,55.246130999407896,grid,219.57312217990153,59.79025319913737,65.14972179081835,abs,0.0,170.05179188496174,27.413055612873162,2.4130886700566423
0.14969751550947852,5.823987055250164,36.974082489885696,grid,215.51212831516514,73.58987126122729,64.39116167350006,pla,76.77599431791403,182.0160825994494,21.5590447354903,2.182586320292955
0.0063450203771683,4.6926664218330565,11.523114051757737,grid,205.82141515893858,65.28373322402808,37.8380491292221,pla,24.61929639945793,61.86646535463658,12.359326238840177,1.310400224931624
0.1968563302005327,3.0262049001823272,76.12268044461499,grid,250.2727751924993,79.96052978620123,44.85864384977456,abs,98.42027961626219,354.919666325155,22.046239062433504,0.9912790242183385
0.09054812308283676,1.4713028622065845,33.89747924200231,honeycomb,227.3614906640536,63.6881082566334,118.43050092220295,abs,21.447889497828715,150.6519229539589,10.390637506381328,1.0606743666815306
0.14760286512085588,1.6948683238106506,50.50851408226116,honeycomb,242.5437768169707,75.7873781386561,61.29110657679457,abs,70.66671627076602,295.5218509145473,7.4688953260236985,0.6004848218643652
0.02274103877066994,8.063622499631679,95.74353855622996,grid,219.0520712198086,59.19216883720531,36.04040854966823,abs,6.42410431284301,22.397799218102538,18.954038126021775,1.5382603131021435
0.09615980240332872,1.934782577211932,57.513843198704784,grid,251.06024574642782,79.11992336694532,123.12789609632102,abs,100.97196776423709,386.8243229413938,7.081797126998632,0.4672067328418188
0.15961999878658473,5.929869393322041,38.28881978939952,grid,214.28522025376296,73.85638384179458,59.15975386121593,pla,80.79733873334652,175.15220456266115,21.280206713605605,2.4709823352035576
0.13878784436375552,2.8164499313474183,76.1384926338855,honeycomb,198.89816310316434,60.966595747622016,61.590581892036234,pla,0.0,195.94001857159816,34.33862238895297,2.7584881971102133
0.20962631127967235,5.348941769735252,87.7295689522769,honeycomb,239.12929108672745,72.86291038532823,36.368594119559596,abs,76.63478925270059,348.20881769782756,27.56728768283256,1.5663106106158091
0.06505925765846561,9.821589377739306,48.06948392385548,grid,225.6833527637067,71.70191185395794,58.78851250071181,abs,43.136979242541535,106.3422158298489,15.52342825458962,1.330496940199125
0.04713726725761891,5.698465286443242,6.9790451220805,honeycomb,239.3809301948248,74.5311443896801,62.682075572793075,abs,63.35976109377417,201.45450396422603,9.911767348368077,0.7345441266682226
0.15758821760026412,7.412308173536035,79.02702919771943,grid,248.0067256474082,79.05828539574952,59.96897230192212,abs,98.56040025370388,333.29740405198265,14.21453042223101,0.785954267812077
0.19357463265377708,8.671339751069215,90.85459089778594,honeycomb,221.69504331253398,65.67668284185801,44.95582669633664,abs,26.809425255835,280.24316305725233,36.04219965460348,3.2809309656670678
0.09038626720838214,0.36693479225898107,46.8083206679008,grid,227.0016280159503,69.39532988137984,121.97687946972988,abs,53.30508017743013,267.577533640895,10.453093485237483,0.9790434102906617
0.1911637220345916,4.397013301679131,58.8513383534512,honeycomb,198.6174981664361,59.17853661937379,33.49240703227183,pla,0.0,300.2672900243896,26.267159793399628,2.7485278748895468
0.1525511623551849,6.972400921359396,77.18229164245923,grid,248.02701319360696,80.4925044323429,60.77729531499619,abs,105.98757628598092,319.2262969814513,13.618004423928802,0.8487111192410297
0.09474577270505938,3.8161192112231177,38.33975875073822,grid,207.5259386768364,65.24650038580918,123.07687786565914,pla,24.37346216038274,181.8725576120266,12.291326875573098,1.3092997156546542
0.0915106699359672,2.0828893937109787,23.65992585044861,honeycomb,224.2135891294674,65.44314653006258,123.27593451814955,abs,20.809212875542535,156.1672878193157,12.910910826317187,1.047874756437346
0.12163106391944561,10.814453781310126,30.33286577087563,honeycomb,208.13645672293018,69.60145599663356,60.06176384466264,pla,60.358366934932235,161.63601471929903,26.543243982927606,2.077127971980509
0.1788077824222725,5.86397845087601,88.77655521258613,honeycomb,238.77940226140635,77.20277654562717,44.639855083589985,abs,62.44917485630455,359.72518651239506,27.703216617987746,1.5979988402380896
0.09180090412386534,8.912168156670718,82.07545650719722,honeycomb,238.97264954409687,74.32813148225408,127.49866851590369,abs,70.64110474762232,314.5338446593167,18.74480697364482,0.7133905787225528
0.21188967725781055,2.4648069267150268,80.90131886313624,grid,254.35014656474715,80.22925851018033,29.445609773416237,abs,102.72027415791165,336.0014045035682,24.859478115163736,1.2384088445458845
0.19659093493601784,6.861957261244641,49.60126374844506,grid,216.4584180690844,75.64004880410076,38.12289514184974,pla,84.57101614231449,224.06448454834273,29.175470609622657,3.344802896722775
0.06934408662065482,3.023332142292359,51.581224111275866,grid,249.8439788818705,79.51652080030549,58.40981625193785,abs,98.44237286197578,204.3403474592478,10.619249540108202,0.9752997952088109
0.062298185666480044,1.8150830222316965,22.409725919831185,honeycomb,227.48045194041413,64.04239819480733,62.962194809243094,abs,26.755688926164364,69.73274011296087,13.004371200733713,1.2333568817785039
0.05206610321897583,7.934453148969954,33.636532916043855,honeycomb,209.76827294792542,69.72042436947493,52.13097801979428,pla,49.40883784110487,66.77462468086532,28.015805027179272,1.4313048179640393
0.20885230521567477,3.000204222738572,61.717482346691895,honeycomb,219.9554277208379,79.7301856919322,33.82174589177649,pla,102.80315811187164,214.83301386311234,27.263136237374727,2.9363642283398224
0.0677196123741777,10.141591908504008,51.21935455981673,honeycomb,220.23667362118897,81.15393253703019,62.06165920294353,pla,106.51890360503253,75.49745910956028,30.513947689012845,1.997378579830037
0.029283733757023096,8.22791083314361,35.654188869320954,honeycomb,219.53904293931996,81.34992837004702,46.24004341593269,pla,106.23657986020454,32.26353949811861,21.979454731699597,1.7850548356913059
0.09376965664345847,3.773920524775345,92.68793431803942,grid,216.7738921017273,73.89649652218272,122.43191700984423,pla,77.25188732575317,144.86806120175672,34.692574155473864,2.9333707884260565
0.13985681139598943,5.994305372580737,39.7959588981032,grid,212.44992358455528,75.12782811986384,63.446679753571296,pla,82.11792740738395,176.02054980345557,19.624876822668934,2.4270830000034733
0.12509870451033933,2.1682240344305495,55.136559494590955,honeycomb,210.0601583302806,68.31615148729271,121.33088969839928,pla,57.794533848725884,148.98120770236108,17.49498269216066,1.9189260587540313
0.09431705978132197,0.6521786787106474,49.97397259639494,grid,228.28482318419424,70.23314042351322,120.52523011319805,abs,48.1890143413824,263.23528860183586,11.337131518140374,1.072544665574187
0.020681099415709964,9.289406128524679,41.43366932469075,honeycomb,195.36636172986408,59.6163783744896,46.15513835504587,pla,0.0,61.51974843161988,23.37123151616672,1.2317917970846206
0.0345401704140243,8.727459769966519,66.22475244473021,grid,212.23522541050264,74.04698181455257,46.05633067606941,pla,66.81487760071755,33.68251387413631,28.364738042456153,1.3191474802954346
0.10262998670535735,1.49751383506852,27.440038464298464,honeycomb,219.7700071227465,78.84650509475384,111.85189354733038,pla,94.9371170693218,121.62388622857151,10.041543498153485,1.6528152098933142
0.14479866882543413,1.119584584489253,5.8285684246712295,honeycomb,219.55862303382366,79.54557085402914,66.0753704664131,pla,108.2204291941793,146.2195892623638,2.591838313282963,0.6933113632694894
0.20578013843375267,5.096524149550355,92.53847388556028,honeycomb,237.97487899196764,75.99784800338723,38.22616490378766,abs,73.65278842055503,334.46379176373114,27.763970939088257,1.7326313032623284
0.1715090078233692,4.666625760621349,51.81221720880034,grid,218.0418907256862,60.30787024997879,64.68933041632974,abs,0.0,168.79107877763138,26.162994317462015,2.3404988256910433
0.057963140635132235,6.411648251727265,9.428216003339132,honeycomb,240.6069421673613,75.04847484644358,54.78122438896754,abs,74.2724897429847,186.43601366762684,8.848182660368272,0.8031781220072803
0.1461228723451445,7.424984378481504,74.17594540586903,grid,248.41684648010664,79.17390125371739,61.28887080302826,abs,97.36663958324161,324.75676156063014,12.25528771991869,0.5474103743528721
0.03614796474082547,10.598650166068031,13.119557639426286,honeycomb,213.27332337789767,69.04677720026193,45.83593646429914,pla,53.03144185415196,36.16267852791106,13.930889461504371,1.478589407620831
0.21033924767782117,3.80839330740777,11.728361041536484,grid,204.7805186801536,63.819414680227666,40.22179595140572,pla,27.052051257015346,247.79271543365434,15.576832368496051,1.9561516428673293
0.1416423033440156,3.095498835385895,73.87534274399152,honeycomb,201.14912603595138,61.1568204120974,55.15372822260359,pla,0.0,206.31787258544742,31.54584081041494,2.9294683601356013
0.13460772902542034,5.79461793980661,48.24587798712628,grid,230.67094433282378,71.0588969388658,66.6770016490188,abs,57.99083048571821,218.95353881273243,20.054859333392255,1.3418586943097224
0.016237565083180236,6.2608707057912225,92.72913575443269,grid,248.0135857531858,79.92143071993752,36.20195033048736,abs,100.80694979564934,97.762684014173,5.393333614690546,0.8689119394109
0.14615909968817306,0.0,5.119062156862645,honeycomb,223.06906776240325,81.81711208017084,56.979748551748976,pla,95.35770001333724,145.43243222861437,3.695425317374995,0.8203418900040504
0.008498614892156855,5.97988235581822,91.60342448504515,grid,254.21978075775667,80.5584602780838,37.374689074680084,abs,96.07664758142752,120.90181957666252,4.256380516133961,0.7409500189921399
0.10916850521651679,0.8590682971837764,48.459538737225614,honeycomb,202.4591608517744,58.182066327828394,124.46174216409898,pla,0.0,196.44182949107096,10.90919986502495,1.6651960469137488
0.018843940583482925,5.013560496052216,12.151196715170174,grid,202.49596776582842,64.4387887632807,41.30862617333331,pla,23.444504884428348,53.203358767862994,15.39005812741922,1.2942508872477951
0.07435591003498274,10.617202499629606,49.88929566544655,grid,230.39376187467576,71.40890930884781,63.35976562502163,abs,54.578978832529735,125.92776236278677,17.98904000987021,1.3152947374409734
0.10692012190591085,9.438561673759038,88.27091015003091,honeycomb,241.83015960096225,73.37751747452373,119.54156037862244,abs,76.03573459318032,304.188458236889,19.22772510277011,0.6155828606647702
0.025707365272129364,1.615484078041751,23.4408842229073,honeycomb,225.50057613131165,64.21469631018354,54.38084587782017,abs,27.258836717429368,74.10102386856477,14.144643708738469,1.4656996713457822
0.14212581066255384,3.4969242098583466,58.35818000716268,grid,219.89871939058608,61.886025475678366,65.42869920900753,abs,2.105049147802466,155.9263349788252,28.88696546694381,2.308835415110868
0.19143266988160765,4.304881389086236,23.265930013451918,grid,206.52849279632426,63.41269406135095,43.31313137705123,pla,23.001319959185192,281.3092846766584,13.655663569789942,1.7365252324579297
0.09118933713171565,4.2431106071988385,94.46985271062377,grid,216.77450811341146,75.95356607937771,119.01188262787375,pla,75.39102399124576,122.27383376648254,34.921186644928476,2.9068493691392745
0.1954912803820646,2.650543878035168,79.40804289990564,grid,250.57215276709678,81.4547853351518,45.00410233122935,abs,102.00012660834969,356.71230756958585,21.236612310623464,1.0124749676529279
0.04575719005470573,3.1569746014863767,50.827085268357635,grid,248.72227736588982,80.86578998984949,61.371638684983665,abs,95.10690078461268,244.2287211821938,11.11697309790756,0.9687466850895983
0.1508467439693651,5.953145006242888,44.92219466895402,grid,213.7283443211023,74.22638448391636,60.121909827528135,pla,75.62810178170973,152.78005469147368,22.495898758098974,2.289765690470961
0.0033329573137267955,9.769369879308556,11.753497759277089,honeycomb,213.37949957226368,68.94806242811863,32.334694797834004,pla,54.07497379007643,24.54621389196872,15.915026385450293,1.412775319091551
0.1923597584069973,6.6418042742428245,23.808281459466304,grid,230.1377645808841,70.91655569593385,42.182206156636845,abs,50.40082600969753,294.2548380002307,26.41256689053589,2.315774813219704
0.2133657418667978,3.1351316743890525,85.37149240547163,grid,251.9528342468387,79.70935680933806,40.52995700972334,abs,113.10714677077394,385.93998275093264,18.377964239445838,1.104789941010848
0.05750334670618285,2.310519021987796,44.89143554635509,grid,247.43964154937646,80.1171193118491,57.70932743386453,abs,95.70042622539349,221.9464124993771,9.146404461715019,1.4486180436683351
0.20445795577940254,5.3960045712056885,56.76374170560187,honeycomb,198.5520581527107,60.25789129060443,38.3737764650835,pla,6.4746438833924875,360.3552772848238,27.708924432269338,2.6355907024763003
0.15674359638019297,9.834554099024228,27.008864702260595,honeycomb,210.4878400317883,71.33841531257173,63.944902034989404,pla,51.32224161737875,151.22513743036947,25.355449494865873,2.011068380730127
0.014865932941064558,9.30117981397046,66.54332582123675,grid,212.39158141096863,73.9109761078118,42.585388383974,pla,68.2524125271853,15.974237263940461,24.535559901167787,1.4266455857802254
0.15482358897418563,0.7794333348848733,13.800549705129942,honeycomb,218.51467622008067,81.03411114805232,58.09705248789123,pla,101.54884222402434,162.84678862921632,5.875444690756834,0.8676172089359414
0.10325407892642142,2.887201185152046,52.46155054588177,honeycomb,209.9887765467069,71.23360445413313,115.36596400216544,pla,44.125395682855455,125.84132041264853,16.969153241454208,1.7169557000305915
0.08727718829098458,6.633500627075823,13.464717703780257,honeycomb,246.0980109979559,74.5841721082984,64.3992519326444,abs,77.38538340455949,197.49034949726578,9.682146530615563,0.766346354642241
0.06895282393500919,1.7309875978345604,16.65872591360584,honeycomb,223.14297309116483,63.09997420107206,53.98228713159667,abs,23.213377257981577,111.98850090093515,11.716997311296273,1.2115333083494677
0.09606232280392847,1.5288667360156278,43.368907058400346,grid,220.96849655914994,59.2472340339874,120.32817787616837,abs,2.605991212330164,111.02574361558365,14.13574935745488,1.0903179706115982
0.1275979410457525,0.3262693616342893,48.353901944492414,honeycomb,202.30015244793267,60.2569836723768,119.82819755572332,pla,0.0,177.81191195926274,11.272745135884382,1.6358189581008522
0.10646499918654342,1.4822548822359003,60.901722929918684,grid,249.50531405379073,78.50840057786402,121.12841256570016,abs,95.12496633430035,367.3945458423188,9.378867855522845,0.43624625034346914
0.06023226656454995,6.94563188673996,23.775336032762873,honeycomb,210.41511470459213,68.86958184583179,56.050186553838245,pla,44.60151972591977,72.3826893393336,26.0029547185218,1.6304701227738103
0.0786635614074482,3.059052164673527,40.93573442378836,grid,206.02331756632518,65.82318891034302,62.03957359106352,pla,25.209081835596148,135.1249607884168,24.314006688636184,1.8660553952363743
0.07159609818817005,9.936120844706505,97.08294455367887,honeycomb,204.3994832401932,60.280838867779096,59.39789887283378,pla,1.129910864851741,106.7144486189672,25.442658669159904,2.2804539924199845
0.15626637688743847,4.157564343753005,46.68438967893029,grid,221.96968595506587,60.32334033753812,61.74532088372473,abs,1.1957776666144575,167.2038094185329,26.657889921183692,2.2961985441795694
0.1475592572855028,4.12818805276268,47.807887077692584,grid,198.54935756544222,65.48919360444417,59.69898817841859,pla,23.3385800952077,214.30702796994754,25.962274743830413,1.9348652309385095
0.02508504154002606,3.3972870398820296,77.23631031050778,honeycomb,236.15999791758688,75.41688653912266,37.02380592636813,abs,74.35223330538899,61.88005315843584,9.461452140565358,0.403975261472788
0.0982387362553217,3.9938531924652123,51.75736257021261,honeycomb,207.44466096132345,68.12933692765255,119.3717255877593,pla,55.254960092944145,113.45432655229473,18.40934189212666,1.8630261742872047
0.026805170331246842,5.693558790527984,94.70639400579842,grid,250.2013072282864,81.05991650650495,42.517223809323696,abs,108.12420964058839,127.4119885998793,5.468760349942587,0.5739955127713996
0.20628871275551056,5.360774808755125,87.88618144728137,honeycomb,240.09817300565558,74.32571020986437,43.953955380076486,abs,67.69773833150812,372.5816145661442,27.878551971278274,1.610705477574016
0.14077081161060545,6.328942980495651,39.442969886240384,grid,217.4281776690853,73.72475179778165,51.57461832284267,pla,75.96200584685167,173.632953577241,21.76083942191084,2.492800865728291
0.03448084310673503,9.873218529278846,8.539595104545382,honeycomb,210.2937244410106,70.3775068947877,47.358323506391585,pla,54.70650019777872,27.0145129001928,14.200781829151504,1.297804887730044
0.1438672328047854,7.254946132654816,83.16786592008837,grid,252.91867903992673,79.77457437034927,65.7797417091524,abs,101.16299615188531,296.00613308148235,13.042277328803841,0.7550488013938739
0.10326795566504665,8.974138509839083,71.11219784906868,honeycomb,240.2051446343633,74.14585504683485,122.86262027223763,abs,67.30108192248821,326.0365858462165,18.535848490121783,0.6477818076394932
0.03023926989700819,10.101835039782433,13.205529158032942,honeycomb,206.67597233506308,69.02956720449089,39.20453956071368,pla,47.05538793878216,14.408695679539228,15.031854853474801,1.4291561921409335
0.2144766464777553,5.217040249065965,65.3698281093826,honeycomb,210.8368353233781,71.31627689847208,37.27006923171839,pla,40.206259750047465,265.5868635517711,30.992082183195112,3.219109674825741
0.09274666268200488,3.9507184576038257,39.67796746439668,grid,203.78485761916411,64.96398210215153,116.28858262358438,pla,26.015640814560243,176.67042819581616,13.10231748559259,1.0783063757474225
0.20335569840547807,3.0699786085394543,56.20941982487133,honeycomb,221.04301817625407,78.60207251608874,40.75925699690947,pla,103.54853278332185,198.70325541121326,26.80336858114857,3.131478086914983
0.0983807432796526,1.1715401671667132,36.775196916792424,grid,216.06416816564092,58.79111179710831,113.5888775088738,abs,3.4285191214071378,126.12339920758893,15.523999446960103,1.1282859103559426
0.10943386896080876,9.096739257773729,80.91290206298694,honeycomb,243.7706621806645,75.30502786530602,122.26354702184099,abs,74.96175560837543,322.9415103084556,21.086852422042348,0.9808822479802225
0.14729172737926535,5.916340892419038,49.9270343822546,grid,227.6652081241186,68.63053080288552,52.34940239052491,abs,56.50077765663076,223.429636684598,18.913251641934124,1.603949539178827
0.09911956468400306,0.8199188326098961,47.75965905361268,grid,232.5160332213026,68.92630139474001,117.71497550497455,abs,49.80354366895112,307.1959511479909,10.087455032108746,0.9181405463602893
0.1812708659614271,3.103606332919745,82.06956353806717,grid,246.91670428035727,82.6933619125462,27.078589792647083,abs,102.63763003257856,352.17230263807585,19.148771749816525,1.1632144920625356
0.16736198539495944,4.6505659763055425,43.34115874208349,grid,206.151953383369,63.008100374757916,62.23321466244831,pla,29.06556618746461,231.7808187833547,23.446256829963954,1.611020268132785
0.03292204952524911,5.5939363704700025,89.79432535127405,grid,251.7678131330966,79.57926186537594,31.71409580646894,abs,94.90344760438693,60.06556166792476,3.9984004387044783,0.7258549641337415
0.20672514879333445,9.608570613230757,93.61653625622047,honeycomb,226.02656173050192,63.2922175068182,54.77721222693005,abs,31.077506782889877,265.2542025783905,37.44358888344165,3.195830974954751
0.06290523519524821,2.204677792275883,17.84886172123099,honeycomb,224.77260056347367,64.59064597234317,63.21238452895117,abs,31.89344881853578,103.48278020688174,10.922628108225146,1.4988868162410198
0.20108033777299847,7.173820274966231,33.656499929201615,grid,215.40216148143588,75.1526424973552,44.34070069382707,pla,87.6176568257415,242.3337506216291,27.470252106083823,3.212006705955584
0.0745798452221251,10.130441870293149,93.32206335890038,honeycomb,199.45115734619026,61.04655740853404,52.587798018670945,pla,2.7791073688598766,130.89908462860186,29.5073780925106,2.023728595462613
0.16481455399284417,10.224614632532923,35.092745224401654,honeycomb,210.99976787299025,69.7774101629328,59.141061952587044,pla,54.99452177704663,147.36006251848403,26.943786594667625,2.1435055846665945
0.19783574751391045,2.941123949168906,64.03283938998585,honeycomb,215.34146085224057,80.69929430537243,39.808201382293845,pla,108.95852755531357,234.1372159622011,27.11482937355665,3.2061175575819285
0.08987139931958353,1.3672680187917114,27.338745061193645,honeycomb,220.67033759367342,79.55390822327183,120.32855651575926,pla,107.68618463520028,126.86492549329822,15.738104306299363,1.6051844700401585
0.1803774262151043,3.737944079688927,19.95887496003422,grid,204.3183633907765,64.45753713969759,40.476188934815,pla,27.749719167729776,267.36045151011933,14.191775275390873,1.840786244815565
0.19715194575013822,4.937777369132426,65.1482551838696,honeycomb,209.33764208471766,70.70644367999847,28.007274743655103,pla,42.38991841930725,274.4414254294481,30.798478382102665,3.513259912479913
0.14115546747616742,7.027908631800625,13.072313970871559,honeycomb,224.9517371580388,64.6599719881891,69.6546137678248,abs,20.795795262900445,144.39485692231926,16.540421239042214,1.998042492479534
0.01451831475950245,8.932361648981184,89.39793037755142,grid,218.94932920594664,59.449601415038,35.863901596004204,abs,0.0,16.021232886595968,17.430275497519442,1.3752765023360212
0.1982615425522287,9.422549912348853,96.89986616657748,honeycomb,225.46368252095544,64.46861566879053,38.90388389966868,abs,23.36413022929854,273.46818780224197,36.827528024108574,3.2490630020123614
0.08737688305368108,1.1620443955261468,53.62704051863284,grid,229.88818410148258,70.01277919074488,128.08862298399487,abs,46.50284414085517,263.9894925252612,9.443195221504709,0.9018787623376955
0.07316802104381642,4.7937010152767785,77.80541458558329,grid,212.47012869282003,75.68449877611091,58.5774110174451,pla,69.02250701250688,105.40161492304463,32.25871998335162,2.0988420208025755
0.21027911669612973,7.074265542395145,44.027708343853064,grid,216.38654443759603,75.91759983211534,35.54873929842668,pla,74.02239622328584,248.33297971353292,31.3242940906722,3.2287280688907702
0.08846628753138883,0.44334773438507824,51.19977212790434,grid,231.73329679216684,68.94833675483262,121.87585616000796,abs,43.7349679940929,267.90661178644444,9.37000356588308,0.8995502574064912
0.10165079629753805,1.0442623721860722,52.81867274817862,grid,233.85546472921817,70.80030330707407,123.30258178612378,abs,54.84204176429531,275.596185340415,6.972758244206988,0.583672442399469
0.00603807217537479,8.601304238416029,92.75485924719428,grid,219.95682822945113,59.29952735684962,42.11744118437056,abs,0.0,38.209200681801676,16.799777996611617,1.1378070043972517
0.096917964240806,2.8771559996825196,48.457190696920364,honeycomb,215.4142477091247,72.43055905844349,119.82845542749608,pla,39.90629214479792,117.07727211304767,18.690242522367672,1.816217635619761
0.21141127303664098,6.49106177751235,95.77322025377217,honeycomb,238.56178585517085,75.70820895809847,41.31583229750347,abs,67.71354860119037,369.05727846735493,32.35610501261187,1.6188514625431656
0.0747273993960288,2.224427716071829,13.479518906214267,honeycomb,228.92341725635032,65.74591614759588,56.63942425539123,abs,22.860691142333962,98.00112220063619,12.61598533757711,1.1502813578839155
0.04636400633648768,1.688690522380356,22.603536740085133,honeycomb,223.2600422973361,65.94518522564634,67.52660498795977,abs,23.828932079666686,87.77579556146345,12.012324669345922,1.5561140167560144
0.20997637274928674,4.315222508592991,22.926408111289433,grid,203.9475990651622,65.08499296073302,34.16305328245345,pla,29.47514172538191,237.50878079528124,17.90699562069046,1.924670693061534
0.011758926264359686,8.699522275539675,73.86815917560537,grid,216.0136757177459,74.09902310890696,40.802737339058254,pla,70.40889127481736,3.1729438446049336,28.80057775343754,1.3420112480238553
0.14800851793208714,1.7030764662989313,6.081555632380601,honeycomb,219.17628767463674,81.41066168487518,56.573350879011414,pla,99.91630417811996,146.17718985830064,4.2394488315402725,0.6559345305892146
0.14045080034120222,6.818994432406632,80.40676268497255,grid,244.88844281174997,79.53958706384623,50.931709043067485,abs,101.36755670338113,324.51504857532416,12.228488358147956,0.6085760561658571
0.07316988631204198,9.611286193751434,55.775417919428634,grid,224.9921725112108,69.53786376539325,55.98694775419526,abs,50.79484552570104,139.86955105864917,17.065840430829276,1.289583325169605
0.19522414222246454,5.917841139164046,89.5636199179106,honeycomb,241.00352923864253,75.42620227178871,45.50607845480521,abs,79.10499664820311,376.2897264732578,29.12897434604457,1.5914203256874488
0.10850838579546855,0.722000359772268,33.65620257388631,honeycomb,222.54932404764327,80.31277372795512,121.69601704030802,pla,88.92437156001212,140.79896693712834,13.102257573652498,1.4394236871286845
0.08146592249120144,1.0073411017644271,51.63141114229129,grid,231.4972419297747,69.64361610409303,124.02943929061722,abs,54.33041088487852,264.8369680190155,9.657293726125934,0.7564993543036633
0.06012295466474625,5.016925567334811,82.18350673028917,grid,212.42037125535748,72.38420129801585,51.65659722072874,pla,75.20938125622456,104.34936976204432,33.61250708610361,1.9966025942937897
0.04265492062648895,4.591461085208852,82.48727900430677,grid,214.71440447117564,73.67287281974538,48.994357445725974,pla,86.70525983322037,91.85370539671779,33.24142934835459,2.1461117440048274
0.07926833718847712,1.7011120480065687,62.706876119458045,grid,254.27640835520373,79.40122477214005,122.14832005295386,abs,102.81686674455347,345.9873392289033,7.876241345904178,0.3733851715833931
0.050873281329715934,3.426200686756203,52.10523346626184,grid,249.67235198356082,82.91095696562846,64.30822735115346,abs,104.56274605032999,236.73484124413088,8.828070193643931,1.1272787827499433
0.01793251424311361,6.74056451443181,89.07635543293637,honeycomb,226.38582097593402,64.89077539418435,49.415806707701016,abs,29.719638618058006,46.964580396979926,18.122889867622185,1.6399324779946598
0.08909308312417732,8.789959330879821,82.50519361164037,honeycomb,241.0953176160725,73.9060925588094,118.40788187749952,abs,68.16438050084666,318.0202531068812,15.952195717499063,0.8713010840045678
0.05450803516671593,10.388915353546503,96.12193929752841,honeycomb,201.50816171311013,59.845978124681494,62.78500139046639,pla,3.9752021369408075,112.1945957524811,27.990288652364313,2.0951963495394383
0.10391552343151114,1.952541032973357,29.64349459370389,honeycomb,220.13655900052441,79.8307960265861,125.06999629957647,pla,95.28492334825201,125.26669018898168,14.121142153910398,1.2756814927552318
0.020344428222302025,9.739349063793776,8.27442280785398,honeycomb,206.56888003732126,70.30727831816039,46.66787839526521,pla,50.6180018150578,28.79153748461734,14.440641557715507,1.384263955780572
0.06074701483725209,10.322746054439296,49.485755696181414,grid,230.6617518117652,68.96964993662779,65.10691996329223,abs,54.44825486697824,112.03911535651656,16.200232229860102,1.365363740818473
0.20332017304255842,6.953743094163958,34.234978298232974,grid,230.40124482856584,69.10615239797832,30.693762515164934,abs,50.834229693576404,296.4899054612205,28.27732402786288,2.151960501871639
0.13953625724739535,0.43045982723052434,52.86104997643192,honeycomb,241.89832213598655,74.41357381691229,63.63020044932092,abs,76.59502099981917,316.4454819574346,10.163593344284235,0.6820721740320345
0.19409594289656684,6.886368425323652,25.655033011440665,grid,228.36121039517423,71.58693885535583,45.42717873705055,abs,47.609444232792654,312.70842349202957,29.784898206545503,2.3922731677467874
0.20200521001341515,5.633446842089346,63.70986739582482,honeycomb,207.08397689932318,69.70194381870782,41.44353812052042,pla,49.48804348005954,259.3373977746257,31.71185072310903,3.251106356093253
0.09763593414939054,1.3905757065415987,50.77849815891572,grid,229.21959653688924,69.38641387180665,118.21615461769596,abs,51.40688172968784,256.54963333595384,13.246304066009552,0.9291799072953445
0.14351687924646728,6.975347770873542,13.32765263954372,honeycomb,221.71460176984948,65.16303356670772,52.182567874038206,abs,24.316710534721732,164.32007479086172,20.405157135493976,1.841290034225163
0.19752983179415462,5.44766338714447,58.76872410987394,honeycomb,198.27133286543955,62.235612712393234,36.732178238201406,pla,2.8705074741313763,325.19746308285426,27.438341875129726,2.787854936454551
0.06310209916162503,3.0907787918430083,37.85653451789405,grid,203.62255285212382,66.60621999010665,67.73409178840785,pla,29.13797672057043,133.139618466426,24.128638389198077,2.066404717618975
0.1618831766336855,6.693200615641783,55.90641755763529,grid,228.0491150893889,70.6846420402116,64.49232011869749,abs,46.48177361629496,210.64216215748237,18.627748377353885,1.1197037753433272
0.05016178650330787,5.1378505790181395,11.7435220582636,honeycomb,241.2266575843837,75.49522200091131,56.09650893877376,abs,77.0329534301356,217.3786780135026,9.528083159127954,0.8682791903780319
0.08541616514141169,4.037277468838988,43.968518587997714,grid,202.46093358921715,65.44922732950116,117.41141634011082,pla,32.09943314061081,175.4613550079898,13.83200808932062,1.2430940713766643
0.153248048038658,3.3751671970720056,78.5127787452541,honeycomb,198.7184437729625,59.72248851860787,61.4859878548054,pla,0.0,205.16083038946044,35.73044357704648,2.9408681184821983
0.19300899342996386,6.917566085424424,27.982595524743502,grid,231.10499523593714,68.61729424569374,38.224480652074945,abs,45.88323176962375,298.56652837165365,30.603125541314856,2.20015588443618
0.14385432330637055,6.644500694497207,10.322743975206574,honeycomb,224.42427997596104,62.676368782116214,63.3107347666646,abs,17.12088148733847,134.08926238753992,20.208370497933544,1.7511185176846464
0.020255303212940872,9.947248330792798,68.22224862758857,grid,213.81225519332017,73.64361271294332,41.78503894938223,pla,74.22976250449433,24.547115298307293,28.415633779452573,1.4272194322077523
0.09627119301948052,1.591391522572994,45.30233933278475,grid,230.97143954248676,69.73868635800227,120.71653568738999,abs,50.12878356027019,250.9669289181579,10.672380174984601,1.0135697212208576
0.21478548106610093,7.862748908589698,93.46130237951708,honeycomb,222.7630587526804,66.57134880467255,41.00761793069297,abs,34.935703868232494,285.71639629270635,36.66728482226287,3.18768817413379
0.1379392887570961,6.311220960813196,48.30570914971227,grid,229.2881877525248,70.7416581356795,58.061377785987204,abs,39.02847558508827,226.13344415377907,17.371004427594876,1.4168575100152794
0.10434003380147773,1.9510063572350267,31.518328497985316,honeycomb,224.67851683404976,64.7271534483138,109.54293940630787,abs,29.63124019526126,156.94183094633152,10.586856894389449,0.7775085440905031
0.14366517054906183,6.94107300823377,14.476165516868928,honeycomb,222.69951443674807,64.82637280597316,58.71467250672842,abs,29.411804360675845,149.7387181405365,18.976976774705072,1.7761712547706765
0.1300553329581984,0.516654156779226,44.13716848227559,honeycomb,241.58594352945045,74.4896589784547,57.6374702903189,abs,83.06235251542917,289.3146710355877,9.174330019326089,0.8057668665686748
0.10040546038400208,1.030818493967934,45.94576647260567,honeycomb,202.8846543164404,58.7289764816051,124.49442026573286,pla,1.7557208691780162,161.5082911783131,10.773767591750648,1.63539417528693
0.140104248923483,5.819480467295511,37.714465167876234,grid,212.71614983020382,76.29307873941069,53.156014664096766,pla,68.81947201381001,181.57825644937893,21.91702909601806,2.222028398912924
0.193100867035472,6.589911900889441,95.21136594580746,honeycomb,241.03629975813817,75.64570497181985,42.29445890186815,abs,78.22520084662449,351.9715703876672,27.690267177154254,1.719723217759796
0.1571711376778135,0.2435338243362586,12.870067311224169,honeycomb,215.82046485857018,79.40688417693437,55.293143793294014,pla,97.91915194960922,179.26649262193175,4.198680717837613,0.7917230966108274
0.10172067579539533,9.764352541583035,78.07326361302569,honeycomb,242.46800072963237,73.95910699444399,117.6463196262116,abs,75.00281888532167,309.4329566134665,18.187426728784246,0.7351469461028995
0.019182285436076422,9.302710140781887,76.13804393781498,grid,215.3079580182686,73.68596342103703,39.72392754678292,pla,68.55898297175094,24.356983122557697,28.018240288630807,1.4340297632546344
0.1004524298071846,0.5159563035235529,31.542544376138327,honeycomb,223.53647340334868,79.91035891974792,124.30988784525155,pla,97.16519670231871,134.98852164281504,12.485636868581269,1.6017370155549762
0.13957677532992102,1.0400560905726433,49.337975175948486,honeycomb,239.9070237433597,76.01004025681901,65.9744765824512,abs,72.5136120774655,315.336720923521,6.004666333106005,0.6043297835445488
0.14330866825023894,10.865080621120285,28.349042955012873,honeycomb,211.69219232029602,68.31593789309257,56.23496308855739,pla,42.373339245998494,169.03664117718753,26.25831824151733,2.055594235888923
0.16220713704968762,7.319017231256646,84.37464781458661,grid,251.90971824755135,79.40795465807726,56.53684005549426,abs,96.17752733489675,337.7928024362254,12.053501712273256,0.9622137019663654
0.20601267895316383,6.053573290988705,84.6869225266224,honeycomb,241.63217895611243,73.50300061663471,40.95737516767061,abs,77.84562504641349,381.5905639477147,27.539638672594524,1.4796532232462658
0.09793208816452238,1.2895721715713875,48.53810536291715,grid,228.86420787412436,69.09243214665021,127.60498104908454,abs,51.869739830953954,257.14207641544795,10.098729376776564,0.6538182111337907
0.1390605347628876,2.0581709120601968,61.38301539435682,honeycomb,238.6891517971337,73.77647523084966,60.38856499967047,abs,73.45440931928562,279.59299869686436,7.820374523242194,0.7189432610095383
0.015288665426646794,7.513463300635455,92.12051105093549,grid,221.6875973469492,59.15031369722923,35.673024076416105,abs,1.5653021317279088,31.0373529744662,18.20212944067649,0.9391620105281113
0.02715901752631128,10.093246978219616,12.933611778452427,honeycomb,207.72472583891346,70.17645337943645,41.59001696190257,pla,47.54532271117289,13.306446617570632,14.476629319236013,1.2903877303715177
0.018065619203684727,5.328973444919776,11.549178161604916,grid,205.03747028752767,64.62967211958238,40.00092179273414,pla,18.604799366148175,28.95841312088765,12.002605187596576,1.157372436980605
0.20160900868282058,3.3619723573072133,60.06484564637323,honeycomb,220.84173701172486,79.53136891020483,42.6414711759872,pla,93.11658153902842,202.7968233113318,28.103133243984345,3.1764691315081546
0.1036237128536411,0.9076164317488767,31.991354335334492,honeycomb,222.54190470617615,81.65881212058629,125.52329278902681,pla,98.17473367187257,111.56529430925315,13.095068552240651,1.2420743847514992
0.19570367189618215,3.175458535673813,74.35241679792192,grid,249.1881771721239,82.32709458925848,35.85784037261689,abs,97.48562594899578,361.5450416948525,22.164773762806867,1.1401695060005026
0.1913257907178033,4.026691284198637,19.43312148550104,grid,206.03177956749948,64.30861685658746,45.0552433922471,pla,7.462867477557001,265.97805510819927,15.122611845183474,1.6692365529404558
0.028276666781478582,8.436776051825985,64.36084232802642,grid,215.93501874838984,75.38810807580154,42.49050921071511,pla,71.93488860334632,24.23725870699547,25.989159674938602,1.4401350382742402
0.06768197994273184,5.696394065994796,75.66862872222464,grid,220.84911207724065,60.57214106862698,57.34400482268448,abs,0.0,69.93278689806102,37.5923002135206,2.5191688295406003
0.1973572911956013,2.9192529102195843,61.20386138305437,honeycomb,223.2776780355133,81.20920429576638,37.22558515408402,pla,104.9505426600923,247.98629780246443,26.85441519230749,3.2080926013307174
0.04913139213529141,9.733826960493236,39.90395813977947,honeycomb,202.06148147880302,58.224200050044324,36.27283171348468,pla,0.0,52.814014470881396,22.79341645150639,0.947037269068922
0.13170330597455696,3.965256289577062,48.59444722973316,grid,200.4410050689497,66.25552833853821,65.21933646880122,pla,19.448935885283106,228.7081101046983,24.320220280335626,1.6369177423501424
0.08815499171732093,3.2829327412909386,96.4390362286919,grid,208.1179151550558,75.53233049219715,116.53538607056443,pla,72.52820707600735,125.74283627294469,32.546304461372706,3.0567511812988544
0.14435585308455526,6.777418964748283,12.047517857316107,honeycomb,222.15188511349572,64.10186910041972,65.62528392397394,abs,26.354313208811337,136.67516314964385,19.58837394502975,1.8473121012119351
0.04603616524034313,7.728380844004203,30.515280856144287,honeycomb,209.35019965981505,71.26673618376378,67.50002237011964,pla,44.13235126792124,108.18288266143632,26.955706234171096,1.731526844527422
0.20570737181780996,2.382909043151952,58.36717182515716,honeycomb,213.32137341344733,79.59777005999737,38.24812841406807,pla,96.70626919313264,224.92473666002888,28.217575052087554,2.9158128625407245
0.19201950642940713,4.108109976329017,85.97917151059795,grid,221.17561934125837,60.38616991517074,42.21729235977407,abs,0.8235411545420828,255.7238557381019,36.648255214858025,3.1864634992113317
0.15234606461018957,0.030065995741942242,8.451718448285106,honeycomb,219.62042938250082,79.91581051685537,55.80961690503444,pla,99.32650999358437,168.34067569904164,1.5498458070019057,0.6909134431789669
0.20038542553362876,6.444678482190253,30.702941902281907,grid,229.65536914078035,70.0518384748556,34.61029306300244,abs,49.95235168853221,304.8340257838583,26.077794078270117,2.1050883995581757
0.024415562807295652,7.955457201951176,93.66706066014686,grid,221.21432816840328,60.58006062585749,39.9822205245657,abs,0.0,0.0,19.05162116512562,1.2294269621913043
0.008581410484894983,7.370775286908468,89.48047475052854,grid,215.77127294982088,60.89501598421969,47.38921026260675,abs,0.0,45.510851325476736,17.472388180526824,1.3084378456599408
0.1423027817977219,2.934771676237117,79.10490536730637,honeycomb,197.174034140762,59.372228901411056,64.43921037446782,pla,0.0,207.3770775422829,34.00730403841078,2.9640214474166875
0.06981029855617707,2.1646410142036823,27.051134738976724,honeycomb,228.65245689842408,64.33366277637948,69.08970042255615,abs,29.217353646083186,122.26412318162193,12.923962490413619,1.2832908511447698
0.1522091914987734,6.505120172696239,47.71346027851629,grid,227.16472919001387,70.75748505389477,65.12892939177203,abs,51.6341030745021,202.6083256127653,16.983778524864665,1.642951159480992
0.02475587695161635,6.1826128182797735,95.82109059103026,grid,250.8761372985391,81.7575425391759,36.71348708751479,abs,102.5676521589503,95.56850282815695,3.5943084487588526,0.6697435452443661
0.05582920883701655,10.073102318767383,55.26929310995883,grid,229.37979118361002,69.9229340727558,60.99744490434972,abs,46.29255851164651,114.7064626134109,14.993505287484462,1.2239564553739675
0.0,6.501741305693396,82.95133849369621,honeycomb,224.2324334736536,63.527047823303846,36.72133760366821,abs,31.02922307176815,40.517644324049414,14.70101715741431,1.3281214799868966
0.02397948973582689,5.244951509356636,83.53051037125871,grid,250.09477814137094,81.02767972706756,40.162312889995334,abs,102.30598017632316,84.89782111334458,6.226092816535757,0.9184798566545334
0.16796848034318157,6.546727908137477,84.219271046729,grid,255.0855757028435,81.12234051960866,49.07722941437133,abs,102.00375199781757,336.82895275842714,8.3852810906875,0.6959299816798461
0.06203245925127678,2.238014230901559,42.622220615563506,grid,248.8407915358206,80.70224162541474,60.38977027253577,abs,102.61753178812053,212.89497973859105,10.257671675694752,0.978609808777003
0.014982047049690587,8.237481959409658,86.07781794057018,grid,220.3640733021134,58.077677772174056,41.96562464344143,abs,0.0,7.816678901145071,18.290510690578216,1.1043543920132375
0.02410223979008659,5.2943279148699895,10.784817107568546,grid,204.59561179614056,66.2921916459874,45.9481121660834,pla,16.781571626435344,38.48520441147072,13.733804621332299,1.2276698745534922
0.19211940099389493,2.8622994917177422,82.19919744125352,grid,248.79825632770925,80.61923113329257,30.330986893970085,abs,87.63359457800304,373.3217922959764,22.324462078877325,1.1902895082773468
0.11084241427039662,0.4201842097977436,47.63297040776764,honeycomb,199.70103620364642,61.89462045540621,124.10378559727755,pla,0.0,192.87444588357747,12.963625221991848,1.4923631733419511
0.023532693804747866,6.2450327115381885,92.72684194709963,honeycomb,226.33112613951263,65.13966904972884,40.414185060355905,abs,29.60728006299627,23.605258200082023,15.803152361902985,1.4143227698992897
0.024576311998209442,6.109958026574772,89.92625740591139,honeycomb,222.5686124869028,63.823103486128986,45.016515268478734,abs,23.924705330859886,19.818175182499164,16.949650811447302,1.3210289306134777
0.10696430819124807,2.8078237870156038,50.23429602437026,honeycomb,206.9866538874552,71.25654102892184,120.96094403860698,pla,52.80590079382186,125.5115915848928,17.06014706116419,1.8788357805673088
0.14635201048246282,3.311505262499203,85.2936442960292,honeycomb,201.15325923081656,60.14317804528341,62.54766010361944,pla,0.0,206.20421430676384,33.481337993877794,2.7917911664022426
0.2264947258971916,5.322085483023523,66.37361388152135,honeycomb,200.46773425873826,60.064646820956476,40.56542108348984,pla,9.373624563550331,301.9912588467254,29.366462336814976,2.6660939700614783
0.030955588025321123,9.838669899504175,40.50216396415458,honeycomb,200.5036900957438,60.87987455593943,37.438562957838506,pla,2.640156819265763,57.2455218956223,24.039687988782642,0.9529904769858188
0.1598419271215376,5.978220050790629,45.61576905735765,grid,212.01990824894193,74.94767590288853,62.40100124745228,pla,85.51385253761731,164.39390462670656,20.902848857239892,2.24837785374488
0.13965548000004102,1.0017576435362456,50.229452850045256,honeycomb,238.7673447627223,74.25555197171481,47.32757794863676,abs,63.55202249946949,284.9873651359869,6.514915117631064,0.8409382488168698
0.22043850910773988,7.501733345736415,33.96030436203566,grid,230.43801759252486,69.62515883409822,34.98104733221725,abs,55.10916967435135,304.74032431270234,27.798804318685978,2.2392530604667007
0.042325506226722015,5.508948414139081,7.567981532840248,honeycomb,242.7758430429328,76.41216144749295,62.92861555884819,abs,72.81428867626185,206.79526093614038,9.853936820551837,0.846185730376219
0.15288807111669453,6.4452268588548645,42.21443513008872,grid,226.65443904030883,72.14283801417024,56.447888266624034,abs,40.695661133473514,220.1555302094834,17.378022626019167,1.5129842385749446
0.0668315569985234,9.890516527384726,86.79093819842716,honeycomb,203.04650183134936,60.85258628901774,60.03085318132963,pla,0.0,130.21081638601257,23.395080990336577,2.0526150398702367
0.19147967094527532,8.922163716567242,80.5517927627593,honeycomb,221.81553417814314,66.65247778138371,40.72785477260427,abs,24.074971311279832,256.5331848280047,32.64478627219534,3.139381045955268
0.19379200549818038,2.986561682782722,85.43952694336201,grid,251.37161541744487,79.12870886652864,41.216144182230536,abs,102.80607899803964,354.2255748322318,22.24307116954986,1.1868538729046296
0.022304768570301302,9.996168642052547,44.35222159727398,honeycomb,196.4700476557067,58.429853387686094,40.17929624076827,pla,0.0,48.03826307247488,21.558689311802638,1.1648233700147346
0.10214076343722216,0.6826233563839885,47.16610462472624,grid,231.63275716985322,71.38088989265704,123.70007913866381,abs,52.95814783820475,281.3558755912986,8.784449319054147,1.1153301947500156
0.059218784564048846,3.3715376197807876,34.57805402213669,grid,210.9387222307484,62.95173715623434,67.47964438732794,pla,15.72312896496117,148.01117159083228,24.292306637472574,1.9612027521365558
0.07197672603113776,8.714668584925617,56.557952074480596,grid,231.22655453659155,69.48050286509394,63.394804712018235,abs,52.023591147110416,91.03960207517835,18.407379571221007,1.2574866692554136
0.09440039880966762,1.547320328067789,49.44275593147604,grid,226.66324020165808,70.34745756656454,119.9399673170198,abs,56.25636342449286,229.92639712683462,9.032189126844834,0.9723989538231296
0.1516840858830594,1.4857977064064622,11.442826254304956,honeycomb,221.2441561530125,78.43918527674583,71.36368671011067,pla,101.13750251181536,185.22739600376545,3.385336168386477,0.5561173843768858
0.07042946184419717,10.361685862513056,45.618466448127734,honeycomb,222.7499116743408,79.0834922422055,60.66764868860601,pla,95.42055035597693,95.06141481888167,27.365632773517472,1.979001234134154
0.1865129360860981,9.42731610404754,90.14579558262949,honeycomb,222.65963785084776,64.5053993193226,45.22905329099446,abs,31.486559312619583,274.204031722262,35.18151088810658,3.0660479845456368
0.10075104565052757,0.7027381146813572,39.32356809248104,grid,220.95254881080157,60.42180268454709,111.96711054956914,abs,0.0,109.02253449521183,14.822296611508069,1.2508042982186969
0.055782518654030236,10.200601091799067,43.83984307699277,grid,229.25366565401086,69.44076095390493,59.49261669993856,abs,51.658637582883756,119.06362442468226,17.926748970846642,1.227614828341569
0.025568364342680276,5.634304730307444,8.116380007669404,grid,206.31931285861708,64.52243867118729,32.69240434638471,pla,29.530367392422548,53.39935421784505,12.321289106492745,1.2816558650509788
0.2010915703254405,2.7555086951989693,79.70248164711235,grid,251.18917454459196,80.88603503288343,40.597810215613215,abs,93.71819525573994,378.9148379743159,24.499961258741596,1.167084135613089
0.03148119769835492,1.0241281099377237,82.75088755671409,grid,224.98215053868324,70.89026961276448,30.77433855949618,abs,47.001273359156414,20.084683774223347,10.284028129070382,0.7134042783362391
0.041132576190882,1.8600920005718151,22.216579324849125,honeycomb,222.8775915853055,65.42387409370382,55.90546796260839,abs,28.89664682943955,113.10621236068494,9.912485030889592,1.471476074801418
0.1016205846441637,3.8812664035624627,90.24217207039582,grid,214.6983756807031,74.5607558469659,117.45577850049547,pla,68.36982187879588,152.85787199101608,32.95024328991404,2.714747726983527
0.0035637837082345344,7.498557110999741,90.49110232280336,honeycomb,226.68853950243073,66.15486367184097,37.3048498629071,abs,23.520195496269395,36.172024402684364,14.578348655089005,1.44196133154919
0.05803739600064412,10.2076204589887,85.36052501875493,honeycomb,199.52482286411026,59.79335522383138,57.7184844851775,pla,0.0,132.617131874802,25.829312983591457,2.128024763304188
0.04409286409183587,9.169986596081467,75.95050419350099,grid,215.86084270961973,71.96027741329411,36.411688490616164,pla,79.83054090919292,0.0,25.191048088934593,1.1248298165160504
0.0581462345307288,3.4002975707117806,37.538496673293004,grid,205.78660035674037,64.4836909453261,64.02550808156785,pla,19.440054703485032,122.8419641844984,24.340036253507414,1.819224004802927
0.1034762670889467,1.920554028992177,28.680934543837214,honeycomb,225.55379337166903,64.20823309653588,118.65011009079315,abs,26.784703047383665,166.0922456123707,12.462858628117864,1.0293073275694626
0.18765093199286742,7.423469817093082,27.001257172394375,grid,223.9731359483605,71.92050754282732,47.12962593680606,abs,52.540637064583734,306.6869237586495,28.732819219887205,2.3012608931657805
0.056672444774492174,1.7009690923227836,21.650981797045677,honeycomb,225.42393853508642,66.73357222766444,55.712455457513926,abs,30.92948449263718,86.82019531538273,10.966809672809367,1.396203804441245
0.034232935003990037,4.048136267194529,69.15254329769996,honeycomb,243.50349729059684,75.50667604981632,45.35948232920558,abs,86.20455946836611,57.065352988798686,12.343335423530712,0.4851618452143217
0.023550440192418556,1.2812476214879727,74.40878745180268,grid,229.3273843637037,69.61995650172918,42.9794675431865,abs,46.41643484582581,69.24319506370628,8.802514809974546,0.8875651651218823
0.21844854634419714,7.654455732894771,35.866294210378655,grid,213.5141547355258,75.9943935782979,30.440551893177187,pla,70.49901942240511,249.62556538220616,29.12800826921287,3.2035837077718603
0.14599924441068665,9.391424639493406,36.525937356841595,honeycomb,210.4217970781355,69.27765085484235,57.84993858043073,pla,49.95600221082427,176.583099596005,26.004597716638425,2.0010829283837803
0.1447724972720562,10.622305994960307,27.66094156245178,honeycomb,210.17880226763526,67.57883896714785,65.9404427630856,pla,53.29883588418932,162.6418638265281,27.741387180210346,1.971824570199106
0.02252771096013466,1.7134931024872535,82.013751953836,grid,229.62687116687263,70.03605643229045,40.18301849536749,abs,51.19674986785355,31.77669955490083,9.066388328751096,0.8118368338774382
0.03929636401814908,4.903680738986156,75.13496574072003,honeycomb,236.64931535408772,75.74168364808952,38.91278406499034,abs,71.00513782325493,86.58726733183661,9.445844014974739,0.4653064252213739
0.1553080915224012,4.196458986930831,50.60026822143623,grid,222.06949600101805,60.700022263419676,50.84686595539245,abs,0.0,190.18374602379856,27.677179559800777,2.3794413619343784
0.08999173660645524,1.545967483879217,29.385570675714977,honeycomb,224.7666288166276,65.51804301135668,119.16250080229052,abs,23.659463252911824,134.28224914734932,9.632303014341577,1.0931039842714885
0.061534403194683195,2.934889297175264,58.88301432210643,grid,254.54116078864112,80.35391037531657,65.1866985443,abs,108.16506876586918,193.236296301703,11.860455569473665,0.9959649863697658
0.04850210848718155,6.012560909087889,82.07151084493812,grid,217.5743972158904,60.56390481380201,61.18148657034376,abs,0.0,105.33654048198488,37.044437089417315,2.5292825328515014
0.2159511535324382,6.542313069382562,40.04218440459586,grid,218.1072113845657,77.19775255980144,40.38350244564357,pla,68.05111006795995,247.8168056603535,28.49767472544536,3.328787608388887
0.059351710387375606,1.9760202858621931,19.26770958187189,honeycomb,224.27144895469434,64.5376901957571,58.79151656785528,abs,30.16427196214181,107.37106990011219,13.497829133219112,1.260455966581042
0.19626652342341822,6.801553712961616,91.37709751525361,honeycomb,235.13210051704212,75.01535389509797,42.32699061213731,abs,73.07111225617747,400.07435307576065,29.98148904558728,1.6179406764215942
0.06199093099626947,7.73941962946139,36.09291072745596,honeycomb,211.98831687099408,71.56791321776016,65.36042812754238,pla,48.895596099986754,96.08930923633035,25.9774423359104,1.8968469245352861
0.1394660593379632,4.6679189196342525,45.01166584928012,grid,217.5217939257018,60.80579393486945,59.34767582965035,abs,0.0,174.54262868264613,27.04768703481729,2.3647401090883227
0.19564225619957842,3.44784317934701,23.045390026742997,grid,203.23726938217976,65.68235932236483,40.886942488161495,pla,25.303017036841062,268.16860957279204,14.98673551007105,1.7768181258187155
0.06099593589262016,3.1329483109394323,36.22418300521361,grid,207.24720325239494,65.01832565835859,57.8784959989429,pla,36.17595034356415,153.14567934743405,22.634244368509687,2.0207777783743235
0.10765845370741856,0.3977185959975442,53.43369521208073,grid,226.8249906102694,71.45436622629435,112.62830198640371,abs,53.212114117356315,259.6067892092367,10.788456790982154,0.9946425697223035
0.0476055738279256,6.258493714778875,3.9783894082374127,honeycomb,241.7965672060567,75.63004441983261,52.00962193903878,abs,75.46038934517071,183.28984221406,8.404884947822087,0.9185887547014986
0.1580172561605194,9.885372044276476,27.592089145113473,honeycomb,212.53982946531525,70.7054079254692,59.48234774905528,pla,56.69303489978062,181.36809393201304,27.115570836235655,2.0048286347399107
0.02790385627302361,3.9121836219121273,70.16803835737228,honeycomb,239.61787048457782,73.61856166049948,46.886842066895724,abs,72.78484344603596,81.02204167678778,12.710918530458242,0.5845967574585462
0.10357782167700179,2.1512695361997825,50.53391600965099,honeycomb,200.6193449736753,59.09092707147417,127.6449652958151,pla,0.0,157.951040990915,10.397310601491007,1.4886689273539253
0.15120221335271683,0.9541886370055911,4.918128796983172,honeycomb,221.81650822918476,80.59825688717808,54.92377090212291,pla,88.52652820717273,172.15283522418162,4.570013221539506,0.6140993208090709
0.15468558088476417,6.701059825478403,42.572596358619265,grid,210.93469549560558,73.77428245784697,58.62142996517457,pla,67.8959936462354,149.81358516450837,23.202172262774894,2.267609436809699
0.05192265851877251,6.455786176584646,13.870139455261281,honeycomb,238.0488454166262,76.4836183700991,56.204930417352536,abs,76.56699647550987,210.23669100590806,7.674309714360436,0.8475818696551639
0.14733315313413436,3.916407829679087,50.11261720339398,grid,221.4266831810352,61.10917467138277,64.84280278561397,abs,0.0,165.51742344146285,27.92669742238368,2.5006154429423746
0.15792944766612338,5.431707839425813,40.72090028897773,grid,215.12202578745425,74.17883701995467,59.968091332135046,pla,78.49622347972442,148.00981977636525,20.185885956366963,2.1244820232727424
0.08977524106613631,8.829471694768335,77.11178585119916,honeycomb,239.77351684757247,73.22118777910121,115.96396010529607,abs,69.6883185454708,310.05717715663576,19.500399885812854,0.7660922418615708
0.19792391553861183,5.082397362186028,69.34819947429189,honeycomb,210.43082720408395,69.264541789322,39.449902469386075,pla,48.97383005845694,264.79490318918795,30.02951686847616,3.170103681488785
0.001077507343902502,5.18965629543073,86.03758164224385,grid,251.96221910380885,80.31657946575748,40.82185743887229,abs,100.48547099343195,97.96226449683238,4.843304750201312,0.918219555781029
0.02114169470427321,9.81885015667074,40.92997765556614,honeycomb,201.2662548674535,58.95593086297513,51.54121171979029,pla,0.0,59.880918705479864,25.17433436212149,1.1252207162381558
0.1526239500304716,4.091657317757445,45.368018061425786,grid,206.59656655649204,64.54320055242115,63.35052149767822,pla,28.519118241407416,233.19585789558184,26.07295246780959,1.7178854511215245
0.1469314284004678,0.720330652722478,52.71384910488878,honeycomb,239.05162845858192,77.28357191034551,61.25256159690146,abs,64.96879481717481,281.3686739067062,8.714040546339715,0.4352411899531895
0.023927939549480155,5.572885580145071,88.41289031777542,grid,250.36249186917658,81.46449704047686,39.06110717856555,abs,98.66973543125314,106.10807946359006,4.149465886071929,0.711524372694873
0.09817574734759457,9.179432439274454,84.29741006790778,honeycomb,244.1824243465681,74.64596133017623,117.04147356894815,abs,74.13253498930038,312.8928452576474,20.754585328449725,0.7107355721177072
0.11115991655651922,2.2668231449173994,62.76095681329616,grid,252.10407280772253,82.22232388524971,125.38390082227058,abs,107.32393753270175,360.99857614585875,9.133571761447422,0.4369066568795637
0.10712036987694354,1.5199540918638383,47.82553720977519,honeycomb,198.42236119324656,59.43906038222038,117.79513913017935,pla,0.0,193.44408309253285,9.509195146042316,1.7369258500633253
0.01116970944843381,4.161611771999765,69.42186728613709,honeycomb,237.33721800790818,76.63485745910398,43.59058429641917,abs,68.5778494272719,68.99777476779431,8.929587958046122,0.4251673134207715
0.04334809290176249,2.4189152015395874,48.787508870926864,grid,249.32966199561895,80.11565870130647,62.5326070416164,abs,96.78844222505218,211.1474891916627,10.037493341785146,0.8741149058664476
0.22066911123971825,5.157495219293206,52.62385481847491,honeycomb,208.30168496186536,67.7323678846835,44.598498124336444,pla,48.19316111500268,295.78558548781933,30.5856278036667,3.239358922646309
0.15933588103455681,7.117890374725701,83.49591754436729,grid,250.60996248711334,80.82110850172519,60.12352388937412,abs,102.45529509571307,313.96558804797195,14.518915577587755,0.7049272205540563
0.0949686401461136,2.0138950321249243,27.094243368691103,honeycomb,227.5739732149353,65.28911517204617,119.76707459870606,abs,25.12465901704544,135.51985130785715,15.405635902242722,1.1595346445039232
0.09715631890452626,2.7765976382253665,51.18522687151255,honeycomb,209.5744814115176,68.79402866958509,122.37877318468934,pla,53.00733431484065,144.945411338209,18.35734834475534,1.7349402734371628
0.03548039264984195,6.72702534219648,87.21253877828586,honeycomb,226.35489430712076,66.85703227033707,41.40236917197898,abs,25.28623047038636,15.691504371994771,16.69265703818657,1.4007100351544732
0.2027135102338534,3.5596936146082188,81.60934591203551,grid,247.49428079425743,80.5384017558111,41.167573454342964,abs,96.72181108333163,373.2632677838692,19.37660606857014,1.1538791782776068
0.16384774105374328,1.255152073645229,7.917983474555352,honeycomb,218.84384929544862,81.10056295716039,55.271363817141484,pla,97.73223720050761,156.90035234375694,0.5863542997721094,0.8474210881487861
0.01686387213585004,9.04748863217373,38.45013994285879,honeycomb,200.72600537728874,61.367594600969674,42.86058585159407,pla,10.312291339464391,44.970295833646574,23.857500711079037,0.8875120832419596
0.09513546391298851,3.879691891676951,42.00566139649712,grid,207.63029285864073,64.65382662438404,111.91774693209457,pla,33.33618858071069,200.96535695168666,11.830960305155621,1.2382514020337225
0.07011618238284048,6.2618860798086455,14.234205076152577,honeycomb,241.8143704351516,74.69972314994989,58.82374061475233,abs,72.80974748164087,179.9795867634629,8.088584355087596,0.7657126313712138
0.1068314489990608,0.7519033245246313,40.466024874752875,grid,220.94167877182323,59.552192780423276,120.20167754988363,abs,2.066208908573644,146.97211388122847,18.232596926903515,1.1544843286929245
0.05512684540943122,2.9535972422786676,53.42212063600344,grid,254.79890988992602,79.89269605660046,58.23049718804442,abs,102.47399775423254,235.70470310554006,10.75798658998614,0.83883777138408
0.0925315776676472,1.0668442744317854,51.82367404405305,grid,231.63784489005624,70.79018027776624,121.0025928056043,abs,59.20001749100729,259.28304222122483,9.540664421637937,0.7640038235008839
0.14341554867510192,10.41917447643132,31.70301489819331,honeycomb,204.65038014288154,71.81226955555915,61.62578722514923,pla,53.09188589709634,152.2372146649936,27.066144808192973,2.2924214852146534
0.16028912643723106,7.119407642560941,80.76508198269696,grid,250.16950840625628,81.04766116900907,53.602286091928406,abs,94.30493818542118,325.4980599082963,11.567784962153906,0.62539574318346
0.20036354747405805,6.69658669736139,28.201211611187457,grid,228.22673536708072,70.05244089557908,42.42593081853005,abs,47.99924482143259,283.4097891309873,27.607337345307123,2.0906124178487655
0.18618853107450845,3.6191953893845468,79.7655723794458,grid,253.86409784469808,79.64344892086808,42.75858626528806,abs,96.3252830547413,357.54335601787903,21.903770413620474,1.251578622759864
0.15281626391478334,7.072090267291382,79.69543182065574,grid,251.6324185007585,79.00820558132699,66.87511063232346,abs,102.47170066827982,339.24029306253476,12.81211092468592,0.6263932265050205
0.05919609577595767,4.748449061338732,84.01871898947041,grid,216.06805140798352,75.63438156108668,54.28518125255725,pla,73.86859377473517,81.82190659976963,32.487816127217464,2.0275137749723955
0.013044460563487598,10.447374229921774,14.002628102044167,honeycomb,209.50686599943205,70.7531992390809,37.40110712297954,pla,53.588729435943804,1.4776927081625004,12.40936034279758,1.3956795306636103
0.14488698038291495,0.32648193695115,11.091620528203846,honeycomb,214.9774348863817,82.72418278653332,55.222847251730364,pla,98.3968707537013,148.86820823870818,3.283599101281994,0.5222098111483703
0.10319108603861957,3.936315292772933,82.98302391030246,grid,213.48830175637724,75.04092955957422,124.93631472501278,pla,79.0665305921498,116.6374180694022,34.733045476953286,3.0412344614962024
0.01182532043570049,10.471385339932947,18.78530429252362,honeycomb,210.04957969910419,69.00026818019107,36.863212907947975,pla,53.0726967313427,32.20709549617833,16.85445052639728,1.4382164264172796
0.1153751671647201,0.8868544995403924,22.74816935509665,honeycomb,220.69292488446072,79.76879859957245,125.31813503848412,pla,105.07283274744013,93.64194222966856,14.848705748563042,1.5379804969928885
0.22394301230369235,7.340540921101998,25.426896834237688,grid,226.3752231462353,70.92163465304684,32.99714925191115,abs,50.559303154629916,303.8867917920008,26.607716937716887,2.3187094163494444
0.19387711053714565,4.778368144070962,53.62236176778801,honeycomb,197.66623015165948,59.321132112683046,41.50249948999384,pla,0.0,330.075752932015,27.976393977205806,2.7106124990194043
0.1065414065683614,9.125399819673685,84.08909260356067,honeycomb,240.12763501636454,73.83536779226843,114.81276480695253,abs,73.44628609496623,329.16039865659116,20.425785088678662,0.8790074134362836
0.110066019390345,1.5179324111479915,63.97893584561225,grid,248.6080620383315,80.72250365548237,121.15060337693684,abs,93.74007107680073,360.58310295187215,10.481893222133873,0.4533696579495346
0.1894867302715336,7.09498507707011,37.452613229063026,grid,217.06374433330055,74.64850290298685,39.747793668904585,pla,74.99846191757057,226.73485351781335,27.380687707486583,3.2664989672243374
0.1566439730608378,8.04461665876434,85.45152279313841,grid,249.90286284542037,82.77161225323638,62.46165548134594,abs,93.3913887166092,329.5680272913474,11.673637384303921,0.6954331920612891
0.02507564566177644,8.774298419595912,69.574300615215,grid,214.55243190188597,75.66409876678105,41.952326542417985,pla,83.5587203827532,13.205443668442584,27.297064853067482,1.555515773732252
0.05540587289896514,10.291658295765203,50.85843844413904,grid,230.46021454095256,69.72481469974312,57.62731245007266,abs,56.248785896172905,129.12904328111873,19.340589166338926,1.4128450148436515
0.1448193504842194,9.946539207943554,33.1072507994614,honeycomb,210.04246729003606,69.4202757657039,69.61698804880797,pla,43.760779004554884,177.3498292662559,26.7651173715049,2.1960379899221505
0.07469008444926399,5.72553387113141,8.90302339809435,honeycomb,237.70325136417293,76.23484509172002,59.59551527798426,abs,73.60105694507993,184.0529968456674,8.40527303521913,0.7174971317763684
0.01580487867229831,10.35670135987725,37.98369316830123,honeycomb,194.280005711241,60.667767031036625,39.178900512772096,pla,0.0,75.03747359014488,23.278682617130052,1.1269886114653391
0.1984505767012534,4.753533404255803,24.385797387432078,grid,206.93738408730084,65.73470240295406,46.90673726928998,pla,24.61601062019792,281.3889032565729,13.731970928430732,1.7061000495143692
0.02781292141958141,5.4414546923811296,4.987417964498602,grid,202.1298141048099,63.308451059329315,34.48442638462342,pla,32.6100060034869,34.40789591174363,10.035517795451966,1.2777232986918519
0.0642727967497329,9.890159998486457,94.08780743687446,honeycomb,196.05018533754372,60.10663510167422,61.74050232674322,pla,0.23711600190406645,135.78640338256207,26.357042882014024,2.241305791905447
0.016005850437886923,4.429198136849293,75.61913690279948,honeycomb,242.5799790137073,73.90926663055392,38.22370737256233,abs,76.9543501152283,73.24117347903886,8.400776509208852,0.6237210978070336
0.1009240762867904,3.5213540928354616,52.482335543163714,honeycomb,212.0812030251953,69.81449657754914,127.29107617353328,pla,42.95108049095727,129.31866789930766,17.578559720706025,1.8400342140383557
0.06099716330081734,7.2248809031932,26.396662674739524,honeycomb,208.65739196647218,70.10468087162289,61.85000792780744,pla,54.27619521681786,83.748658323681,23.49467895575328,1.5648546076686274
0.11345246216644832,1.2898206472634375,61.171707590435894,grid,253.59694107373272,80.23739785293549,121.43139873023686,abs,107.2180111978311,354.2689661397493,8.422380949127284,0.4066999472341104
0.007037933800606655,4.798591959909637,13.438691174404282,grid,206.28533388374552,63.66890274534947,42.10447449395213,pla,25.814364214154832,38.460137275353084,11.661546605701478,1.2207631579159899
0.10212907294032224,0.891547695941024,52.56996440660446,honeycomb,198.30953888071065,60.04075027446787,118.51335142888165,pla,5.242717822610783,196.50168616432637,10.412789003574977,1.5968273989655652
0.09109928900803059,4.375665496490858,46.65978642494204,grid,206.33049676625313,65.84703185717161,120.7691521730627,pla,27.321487179644762,182.78244797758467,9.585628085918625,1.2214287508337724
0.14730490512702726,9.62844551638358,29.06698232288916,honeycomb,208.50368302346905,70.37464272685027,59.993743245139285,pla,45.54432051887268,144.85002370304022,27.76358613859761,2.3284193426442203
0.1867660552131644,9.08504363870105,87.28746860164813,honeycomb,222.21065550074954,66.13819716041132,41.16581250784442,abs,20.062257616863583,275.47640704459957,33.1967116112448,3.2422584840085826
0.10477907289523583,0.8106655794078249,44.30118966442424,grid,220.05356323989977,60.64541688406974,123.67877675036846,abs,7.038550118949924,119.66140010511056,15.9654468702323,1.2280677366262125
0.20232695385212526,2.442221917786192,63.05666830355184,honeycomb,217.70473862793565,79.86191817800778,38.98426577965151,pla,106.64493405890022,211.86080396352557,26.407088038206833,3.0304816086308075
0.14572012887826352,5.5698881690095465,49.904876142823774,grid,229.90944436532195,69.19767760754976,61.569510759083435,abs,51.782068088282436,217.05731067917614,16.737062506488037,1.441692146957846
0.21193955124953928,9.433594918748227,89.66918188427313,honeycomb,225.37700980028234,67.37525046073554,46.40476819603223,abs,21.694736497202026,272.08344336566273,33.3665682501335,3.3196274439808007
0.07949287290478178,10.018000368755809,88.70855961399805,honeycomb,198.56230269267783,60.16155494158497,60.35314722237458,pla,0.0,139.5574462610328,27.784753991366536,2.026514145478696
0.014369233236035062,6.884831655924596,95.22551588336266,honeycomb,223.94289775626854,65.30086815567302,42.5167638084128,abs,26.90857199944148,49.99210248325093,15.510711771476608,1.379710065294675
0.04830094987601232,9.941571105815814,90.14438768959715,honeycomb,204.10592081874614,60.504838568402036,63.177778735485525,pla,5.848593202168186,149.92600065920956,29.07284066438987,2.2506444559027514
0.02433311404444133,8.874625299015834,72.9057440798643,grid,212.66692595699158,73.75049351251634,43.441954603783856,pla,79.687130747102,39.79808232169745,27.305751158019113,1.3842783046768108
0.16017223066187972,7.21289134672617,80.77167090061616,grid,246.41607302058713,80.29063787912055,61.22402386588008,abs,96.59829735243825,334.88563934216705,12.54692715399358,0.6268281988635996
0.06747941416543886,10.156876981378776,84.18352807942914,honeycomb,199.3836884442934,60.973464013246115,65.12691622427293,pla,0.0,119.94606665105177,26.450881079415378,2.292712853590538
0.0643948614544927,1.4624663164506453,29.553211697458245,honeycomb,225.38066231977172,63.4400002375508,63.17834958063783,abs,23.804685100724,106.14865735635178,12.173280257309056,1.323058322996467
0.10717236294727203,8.027808172428847,82.12237974791618,honeycomb,242.33718539960967,74.33859507907256,119.87233723415555,abs,81.21221493984359,291.9531499229511,19.93114638445927,0.8490421025626417
0.20737915896964185,6.784843472747083,37.3804408114606,grid,230.74614340614337,68.5457821346399,37.996986257006995,abs,54.190604725623785,295.52463772805214,28.048525219057755,2.1366078125315426
0.14734774866189712,10.10996447102965,31.085584644115606,honeycomb,211.1544759889839,69.03642387877554,52.93956919584702,pla,47.31420628632546,164.76802380758065,27.497797085740356,1.853123011628347
0.14599275093258224,3.6970260422569847,79.35348721438099,honeycomb,203.3680770717428,60.95293555914714,64.60251789197508,pla,0.0,193.55881097906004,32.276248399159,2.809758880684876
0.04087917286626655,4.4335909269506875,77.29613701961263,grid,218.635953962819,75.00869077259286,65.05872013841326,pla,69.51573666197751,75.81526307989625,33.39654583322622,2.2222323706991105
0.01058995635840002,7.6845082985481366,38.550178787899725,honeycomb,219.16491088510722,79.882268497164,40.51579797548385,pla,108.5430004221761,27.93370533318963,26.32838756302955,1.7879680924120347
0.14800371990723124,6.565601518914932,14.069147981484102,honeycomb,222.5586397377399,62.91946229275993,57.45350863111972,abs,25.186324146312135,139.40761864349335,19.801000342477984,1.898247712554484
0.18191504243478335,2.6721479697184565,79.31882181608918,grid,248.7175402914084,80.22240460197372,33.07835339042708,abs,93.2036382040736,344.40887721351214,19.80562948394282,1.1147043517425843
0.16067951489247206,1.3923963566968762,57.51300144973629,honeycomb,244.43407004217727,75.02985690638357,68.3387812993349,abs,72.85216910674819,299.69298292488327,9.814481882462903,0.5790784820977742
0.16335890963648833,4.506409944299474,47.3046952320194,grid,203.9960138191111,65.89868495626297,58.68801359728963,pla,17.682710315794925,204.39461978640654,25.444924990133387,1.5596323195486939
0.10088873136416955,2.351268634666193,28.149759311394373,honeycomb,227.73982340980916,62.80423459259063,117.03477004397297,abs,17.739627260508836,149.6932532807086,10.623453306329871,1.037091884512506
0.19254507868462456,2.9747677634503225,81.34637646329246,grid,221.76817335571795,60.19610710352274,42.84345983203456,abs,0.0,205.10981640698054,35.77957391322368,3.1233505561995707
0.10641498562781132,4.023693251566778,41.0859243112221,grid,207.21193122839858,65.12997255852649,122.57049942010963,pla,33.49131475812361,191.21627106786644,12.341452301880347,1.2178793119666635
0.025550133938151316,9.030724708568066,68.29740431580835,grid,217.5141077638661,74.9976332235297,33.480457501639876,pla,74.49154187425526,43.52702788098491,27.063078530392435,1.4937367463563211
0.21267494487262914,3.9190331623135037,85.61391106635942,grid,219.27304457341882,59.55469704370964,35.92794133597189,abs,0.0,208.352075090742,34.798349162090965,3.365397544828533
0.07455380639016009,9.293702237813454,47.12603167768375,grid,230.50305167364078,68.97715299557305,61.61086796147797,abs,54.9342346083983,132.22781179370415,16.778248434255385,1.1677469314054938
0.03189834904837207,9.649784516811149,42.59598360644111,honeycomb,201.37452839286638,60.13948448409513,46.49093932951908,pla,0.0,41.106480885089695,25.074947287428387,1.131245235994247
0.05854527502542873,2.3100363696340884,45.58572742044148,grid,207.58489580253777,65.39784784249422,53.530235854892275,pla,19.022970062941123,154.57780906465248,23.63134312999836,1.9659917263085338
0.19721078794155011,7.516759344078229,40.8083142771318,grid,218.2076055205393,75.42176081992973,45.31078561040825,pla,76.01966820101192,264.1971445157504,28.322489938106123,3.169998781394638
0.15078423289181855,1.1334470461665203,15.468830256223844,honeycomb,221.11572578448005,79.09993260635983,62.199673208724455,pla,98.36050945251502,157.23828154759343,6.403997455665627,0.6801619983196053
0.18592342256065428,8.637249673116093,90.05608075780107,honeycomb,223.40610317469728,63.85959487597654,40.1209957261613,abs,33.24114857442495,271.8872012350426,33.81874012857682,2.905249740164646
0.14993388872397648,9.683490016765827,31.550055449821624,honeycomb,209.68113063499828,67.92181846405362,58.728854405365404,pla,49.32555869581281,162.69634324083944,24.898930892652213,1.9670278642808985
0.09085925189994534,1.9261268202221675,32.84691674440154,honeycomb,226.05518308331466,66.30605034088603,123.8198986578222,abs,29.961861791894865,142.87135093484727,10.186168605829515,1.118606757509781
0.020133417803225476,4.526472922127396,14.754767749946936,grid,205.70791011405967,64.23240798660524,32.328110357285695,pla,28.191431742428378,50.47964066856354,11.024897466553103,1.154184678860474
0.029622069451174387,0.7190396126078749,85.4371440121456,grid,227.58310159904067,70.75597348923183,37.30104200097198,abs,52.90979440781902,25.015440705732082,7.320590679583375,0.9151496689259772
0.20377614040211595,4.5132888923813415,59.88207816138867,honeycomb,202.55299538431956,58.46166532157688,36.70981498815611,pla,0.7330178447471412,304.1911478488633,27.059558423117252,2.67550200746296
0.16333825304858576,6.856722567641745,3.672522658407722,honeycomb,222.40884800562753,65.14106795189939,55.179579183106526,abs,38.32183204231434,174.07670473076618,18.177895249276567,1.5313083246162673
0.09290155247271109,2.321008817617513,34.393486735476365,honeycomb,224.7666173662323,64.1356286684582,119.35180762245963,abs,21.56718550921917,144.17375722251157,11.861378354238262,1.1200800472137016
0.09649842565815149,0.9536857475336425,56.333586536044116,honeycomb,201.19997281688526,61.33471842963706,120.40380171979008,pla,1.4836956556824414,189.63374852877163,9.49366724230202,1.743148154277049
0.022939551539692096,7.718398699837883,36.55451514123813,honeycomb,222.19731136999846,80.53175640698842,40.415938079412,pla,96.22844270389784,48.1102634591126,22.452572879127327,1.7219024473652662
0.009488536904816955,6.7970910223854295,90.4771141650481,honeycomb,224.48461040084163,62.33629275650608,45.545398147219515,abs,21.241620519716413,25.908294022047208,16.35396210835738,1.3919988838135797
0.017012381374407585,9.877134421163255,16.661777036405635,honeycomb,210.94408098232944,70.99767525006654,37.92410767492079,pla,48.15348270142705,30.932426838052805,15.401894993363307,1.4050506205479205
0.04487484413731716,9.87487436906961,87.17339333736297,honeycomb,203.58476504007552,58.7800121389354,56.32858910858508,pla,5.405362153605929,85.87158742919829,26.36972874515492,2.074613999461055
0.10768662544756541,4.446103217328464,38.870174601104424,grid,207.0807586701612,64.13903515115929,131.78136340277018,pla,24.593859124040044,169.93775008561082,12.576152875316959,1.2994820490259167
0.2020220622778764,6.624199970343028,36.99891187001611,grid,212.32277758610698,73.90434030255437,40.21226538983728,pla,80.89088723951119,240.84799247362832,27.742714915579676,3.22819966127812
0.01724613739111587,10.350544379845061,10.156317471161826,honeycomb,210.6408857414663,69.58182239463703,42.636724512320924,pla,54.144966363694394,9.137363723150289,14.777848361461235,1.4620627340816414
0.03928640219977144,4.174911162128172,75.0105016593472,honeycomb,240.32550036599747,76.31456502694101,39.030820336622114,abs,79.7504048723013,64.00886548543565,8.892498506584548,0.43358356256916286
0.14540586092567712,7.613989401426911,3.4860279441215294,honeycomb,222.4855336076981,64.37278779448933,58.15505039411783,abs,34.060329629242744,157.82087690805758,17.431814611888658,1.811567993156727
0.1165223919422379,8.950815716999267,77.92478359567936,honeycomb,238.88000340540876,75.35205579706401,121.08378228614218,abs,71.87588107896951,308.9930959513635,19.64671427747889,0.7784873929673514
0.17034062924955484,5.513169359432426,44.969323863704595,grid,212.62187643221088,74.93703139001815,58.73643228863004,pla,78.48927068651174,167.73406521837347,22.038102421112974,2.194178255348403
0.11790572040428038,2.3000780063822397,25.853254584360243,honeycomb,224.9025658872971,64.4178742080211,122.65162714273808,abs,23.011098783412823,151.19176670520562,11.113356716833927,0.8965160854438935
0.1484323881740693,3.438766273802175,55.487605427860586,grid,219.51211831988454,59.57468977341883,63.173765460329015,abs,0.0,172.085300856658,25.64910635956417,2.490875290433976
0.2134512159634465,4.27232451100972,21.52730096012801,grid,206.11728863938575,65.71307082779659,40.482456589688766,pla,25.581430196268318,278.4748136085131,13.706488810219795,1.7856282074859298
0.07770714831759601,10.187052656589701,47.19929422124901,grid,232.36586375030714,70.94861673523663,58.67027334636574,abs,48.276357695049015,116.13052049653044,12.787544244563282,1.1134907450693141
0.025812889134085693,7.224449515570932,94.0418690637438,honeycomb,226.39260275249816,64.6825854073379,38.138036740865935,abs,34.229143521595006,64.35900249681245,17.897880489257126,1.3507945804346908
